"Prev.Length","Prev.Size","Tile.Size","Top.Row","Browse.Time"
60,0.8,0.2,"TC",16.5448509231583
60,0.6,0.2,"TC",14.9096610877421
75,0.7,0.2,"TC",14.1578915695052
90,0.8,0.2,"TC",15.6589331607143
90,0.6,0.2,"TC",17.0785063771548
60,0.8,0.2,"TC",19.0762231912729
60,0.6,0.2,"TC",12.5859028783613
75,0.7,0.2,"TC",9.95170987512176
90,0.8,0.2,"TC",17.643358821827
90,0.6,0.2,"TC",18.0024656440827
60,0.8,0.2,"TC",15.9502504707915
60,0.6,0.2,"TC",15.9849475159574
75,0.7,0.2,"TC",12.6812693658973
90,0.8,0.2,"TC",14.7821137098162
90,0.6,0.2,"TC",25.859776813216
60,0.8,0.2,"TC",13.4490217323687
60,0.6,0.2,"TC",18.9805322719793
75,0.7,0.2,"TC",15.4593204415998
90,0.8,0.2,"TC",21.0713226259112
90,0.6,0.2,"TC",15.2937734836063
60,0.8,0.2,"TC",17.2476787410354
60,0.6,0.2,"TC",14.4943046459085
75,0.7,0.2,"TC",15.185100142298
90,0.8,0.2,"TC",17.2132902956095
90,0.6,0.2,"TC",14.6808594118347
60,0.8,0.2,"TC",19.2476539461544
60,0.6,0.2,"TC",14.8612655945041
75,0.7,0.2,"TC",18.5872636122245
90,0.8,0.2,"TC",17.3481450177546
90,0.6,0.2,"TC",10.7840669336396
60,0.8,0.2,"TC",18.0558582112649
60,0.6,0.2,"TC",14.5701183570141
75,0.7,0.2,"TC",12.8604456307023
90,0.8,0.2,"TC",13.537351178196
90,0.6,0.2,"TC",17.9904368619768
60,0.8,0.2,"TC",17.5579692473234
60,0.6,0.2,"TC",18.2369959768678
75,0.7,0.2,"TC",14.4884487070271
90,0.8,0.2,"TC",18.480489108917
90,0.6,0.2,"TC",12.0819711697723
60,0.8,0.2,"TC",18.2034946926799
60,0.6,0.2,"TC",11.646109847231
75,0.7,0.2,"TC",15.9184666106977
90,0.8,0.2,"TC",20.0531260026441
90,0.6,0.2,"TC",21.6975877776774
60,0.8,0.2,"TC",16.8102153827498
60,0.6,0.2,"TC",17.0856841294788
75,0.7,0.2,"TC",14.0413155278803
90,0.8,0.2,"TC",20.0507889393351
90,0.6,0.2,"TC",14.0509500075281
60,0.8,0.2,"TC",18.2289814676896
60,0.6,0.2,"TC",16.791611744629
75,0.7,0.2,"TC",15.7311525374117
90,0.8,0.2,"TC",18.3294960287914
90,0.6,0.2,"TC",18.0409643805884
60,0.8,0.2,"TC",19.134819490426
60,0.6,0.2,"TC",16.6478532765547
75,0.7,0.2,"TC",12.4947805466894
90,0.8,0.2,"TC",14.9843858920365
90,0.6,0.2,"TC",23.7592746967411
60,0.8,0.2,"TC",9.78088425206218
60,0.6,0.2,"TC",13.9412596946934
75,0.7,0.2,"TC",13.1518746163498
90,0.8,0.2,"TC",18.0307625382699
90,0.6,0.2,"TC",20.6482778678269
60,0.8,0.2,"TC",18.2204715913933
60,0.6,0.2,"TC",16.0785946704715
75,0.7,0.2,"TC",17.8033147965649
90,0.8,0.2,"TC",24.3117347479022
90,0.6,0.2,"TC",24.1004992469371
60,0.8,0.2,"TC",20.0683458461738
60,0.6,0.2,"TC",14.2717469847141
75,0.7,0.2,"TC",15.516228876741
90,0.8,0.2,"TC",15.1260014011995
90,0.6,0.2,"TC",26.825050486571
60,0.8,0.2,"TC",20.1346292499002
60,0.6,0.2,"TC",9.72985304757109
75,0.7,0.2,"TC",13.1382977736132
90,0.8,0.2,"TC",22.2295985718654
90,0.6,0.2,"TC",19.5893199775206
60,0.8,0.2,"TC",17.1397489646826
60,0.6,0.2,"TC",9.3935058820761
75,0.7,0.2,"TC",14.9456436093171
90,0.8,0.2,"TC",17.4010488554051
90,0.6,0.2,"TC",18.6057376387604
60,0.8,0.2,"TC",19.965699774756
60,0.6,0.2,"TC",15.4885062169625
75,0.7,0.2,"TC",11.3405079568994
90,0.8,0.2,"TC",21.0330617589939
90,0.6,0.2,"TC",20.381775968224
60,0.8,0.2,"TC",17.7116287626895
60,0.6,0.2,"TC",16.7312871565977
75,0.7,0.2,"TC",19.868373548208
90,0.8,0.2,"TC",18.2975873897531
90,0.6,0.2,"TC",16.0154260876357
60,0.8,0.2,"TC",19.8006606090928
60,0.6,0.2,"TC",11.9268046105707
75,0.7,0.2,"TC",17.681430279529
90,0.8,0.2,"TC",14.7641268949436
90,0.6,0.2,"TC",18.8189125770434
60,0.8,0.2,"TC",14.4931718241848
60,0.6,0.2,"TC",14.074264977907
75,0.7,0.2,"TC",16.7130411521497
90,0.8,0.2,"TC",23.8116602044752
90,0.6,0.2,"TC",17.103702325664
60,0.8,0.2,"TC",22.0205078747352
60,0.6,0.2,"TC",19.3642203147979
75,0.7,0.2,"TC",15.2753252896843
90,0.8,0.2,"TC",19.7583455368172
90,0.6,0.2,"TC",17.7151360491513
60,0.8,0.2,"TC",22.2566864803095
60,0.6,0.2,"TC",7.34892790825229
75,0.7,0.2,"TC",16.5349699045913
90,0.8,0.2,"TC",20.299024262633
90,0.6,0.2,"TC",20.0201191135146
60,0.8,0.2,"TC",16.8532295958969
60,0.6,0.2,"TC",7.36072882143805
75,0.7,0.2,"TC",15.7091284895299
90,0.8,0.2,"TC",18.9142980252701
90,0.6,0.2,"TC",18.2748518470892
60,0.8,0.2,"TC",17.8209084708358
60,0.6,0.2,"TC",8.04874246211271
75,0.7,0.2,"TC",12.6050639237793
90,0.8,0.2,"TC",18.3480634590415
90,0.6,0.2,"TC",18.750438133499
60,0.8,0.2,"TC",20.9492572314292
60,0.6,0.2,"TC",14.9334609760012
75,0.7,0.2,"TC",18.1234265198419
90,0.8,0.2,"TC",17.1954243543363
90,0.6,0.2,"TC",14.0212038136868
60,0.8,0.2,"TC",22.1602950068795
60,0.6,0.2,"TC",9.3495270811179
75,0.7,0.2,"TC",20.5171929990276
90,0.8,0.2,"TC",17.8040287191197
90,0.6,0.2,"TC",15.385643200709
60,0.8,0.2,"TC",20.7164280180793
60,0.6,0.2,"TC",13.9537833783335
75,0.7,0.2,"TC",12.6225832677901
90,0.8,0.2,"TC",20.6174685737165
90,0.6,0.2,"TC",16.7111064423688
60,0.8,0.2,"TC",14.7419619476748
60,0.6,0.2,"TC",12.3294914203229
75,0.7,0.2,"TC",15.4250927005937
90,0.8,0.2,"TC",19.0150434924713
90,0.6,0.2,"TC",18.191084905798
60,0.8,0.2,"TC",14.9769971132371
60,0.6,0.2,"TC",17.3576825590937
75,0.7,0.2,"TC",18.7458853786699
90,0.8,0.2,"TC",22.2765620655423
90,0.6,0.2,"TC",17.1509864648022
60,0.8,0.2,"TC",17.7524721263652
60,0.6,0.2,"TC",16.2927950629605
75,0.7,0.2,"TC",13.3138552494111
90,0.8,0.2,"TC",14.4308134250999
90,0.6,0.2,"TC",16.3875329804953
60,0.8,0.2,"TC",14.5714430181634
60,0.6,0.2,"TC",17.4518835376134
75,0.7,0.2,"TC",7.57379351983836
90,0.8,0.2,"TC",16.5956468945396
90,0.6,0.2,"TC",25.9609042559506
60,0.8,0.2,"TC",16.3703263642377
60,0.6,0.2,"TC",12.7073420040692
75,0.7,0.2,"TC",8.55103049330162
90,0.8,0.2,"TC",20.4644710946907
90,0.6,0.2,"TC",15.3242976972716
60,0.8,0.2,"TC",21.0159804992597
60,0.6,0.2,"TC",12.8657928850972
75,0.7,0.2,"TC",12.0476180891388
90,0.8,0.2,"TC",17.9238815081267
90,0.6,0.2,"TC",15.1032117186392
60,0.8,0.2,"TC",19.8129611859302
60,0.6,0.2,"TC",19.5239586725299
75,0.7,0.2,"TC",13.6049851524103
90,0.8,0.2,"TC",23.0399260775407
90,0.6,0.2,"TC",20.5571112632009
60,0.8,0.2,"TC",19.9317217316995
60,0.6,0.2,"TC",18.4595414547021
75,0.7,0.2,"TC",17.640444207821
90,0.8,0.2,"TC",14.2479900606491
90,0.6,0.2,"TC",20.1997884245264
60,0.8,0.2,"TC",25.1263369138472
60,0.6,0.2,"TC",16.4930826229402
75,0.7,0.2,"TC",14.5239713314216
90,0.8,0.2,"TC",16.9811792408806
90,0.6,0.2,"TC",19.4668445817239
60,0.8,0.2,"TC",20.833515158069
60,0.6,0.2,"TC",15.8202717299857
75,0.7,0.2,"TC",13.5053436557681
90,0.8,0.2,"TC",21.1812870261045
90,0.6,0.2,"TC",21.9608270832213
60,0.8,0.2,"TC",20.6322135844436
60,0.6,0.2,"TC",10.9777659278736
75,0.7,0.2,"TC",15.2353921627272
90,0.8,0.2,"TC",14.7106911131161
90,0.6,0.2,"TC",19.024034146002
60,0.8,0.2,"TC",13.9973519233429
60,0.6,0.2,"TC",12.1075544598001
75,0.7,0.2,"TC",11.0331167163969
90,0.8,0.2,"TC",16.8561264992798
90,0.6,0.2,"TC",18.7252240850061
60,0.8,0.2,"TC",17.0510809278235
60,0.6,0.2,"TC",10.892626190418
75,0.7,0.2,"TC",11.2618839256484
90,0.8,0.2,"TC",22.2948042216108
90,0.6,0.2,"TC",18.5223955922591
60,0.8,0.2,"TC",20.0427503522765
60,0.6,0.2,"TC",13.2775803568634
75,0.7,0.2,"TC",10.1143391262395
90,0.8,0.2,"TC",18.2354165695672
90,0.6,0.2,"TC",15.9425677722777
60,0.8,0.2,"TC",20.1822922246961
60,0.6,0.2,"TC",12.6701748967649
75,0.7,0.2,"TC",13.3754817847766
90,0.8,0.2,"TC",19.1853775794885
90,0.6,0.2,"TC",14.1640050184985
60,0.8,0.2,"TC",22.7230714387662
60,0.6,0.2,"TC",12.8310101945521
75,0.7,0.2,"TC",13.963355341379
90,0.8,0.2,"TC",17.5070764382966
90,0.6,0.2,"TC",8.43631990223644
60,0.8,0.2,"TC",15.5768965666593
60,0.6,0.2,"TC",13.307624679521
75,0.7,0.2,"TC",15.8446002528829
90,0.8,0.2,"TC",20.0424772122312
90,0.6,0.2,"TC",17.7524739605316
60,0.8,0.2,"TC",18.3029367697918
60,0.6,0.2,"TC",9.94434343461801
75,0.7,0.2,"TC",13.7533683565794
90,0.8,0.2,"TC",13.9994840364271
90,0.6,0.2,"TC",17.1432608120345
60,0.8,0.2,"TC",19.1347517819566
60,0.6,0.2,"TC",16.3963042983314
75,0.7,0.2,"TC",16.3539946673126
90,0.8,0.2,"TC",20.9955341563515
90,0.6,0.2,"TC",18.6221419594026
60,0.8,0.2,"TC",25.4783601522338
60,0.6,0.2,"TC",13.8007766783065
75,0.7,0.2,"TC",14.4685869916344
90,0.8,0.2,"TC",20.0227347915546
90,0.6,0.2,"TC",19.4826116976645
60,0.8,0.2,"TC",17.4180183633765
60,0.6,0.2,"TC",15.9824379470818
75,0.7,0.2,"TC",6.63635904543
90,0.8,0.2,"TC",19.8185594694159
90,0.6,0.2,"TC",14.533148223659
60,0.8,0.2,"TC",23.9757874726102
60,0.6,0.2,"TC",11.0532028996732
75,0.7,0.2,"TC",6.99345262502199
90,0.8,0.2,"TC",14.2791489999216
90,0.6,0.2,"TC",12.4580575190185
60,0.8,0.2,"TC",21.6987385253632
60,0.6,0.2,"TC",19.1061772696754
75,0.7,0.2,"TC",16.7975132407329
90,0.8,0.2,"TC",18.942735191508
90,0.6,0.2,"TC",18.272474843658
60,0.8,0.2,"TC",18.9052308855484
60,0.6,0.2,"TC",8.89037450634352
75,0.7,0.2,"TC",18.1897117558154
90,0.8,0.2,"TC",16.0448470448824
90,0.6,0.2,"TC",21.0667693258529
60,0.8,0.2,"TC",14.8925690603996
60,0.6,0.2,"TC",16.6484233640565
75,0.7,0.2,"TC",16.4271322155591
90,0.8,0.2,"TC",22.9671905450886
90,0.6,0.2,"TC",18.9230280173276
60,0.8,0.2,"TC",14.7379425574431
60,0.6,0.2,"TC",15.4787821307727
75,0.7,0.2,"TC",12.7406962363218
90,0.8,0.2,"TC",18.8913008540502
90,0.6,0.2,"TC",18.3322721644657
60,0.8,0.2,"TC",21.0717769184824
60,0.6,0.2,"TC",12.7329865511716
75,0.7,0.2,"TC",12.8159255317584
90,0.8,0.2,"TC",21.4233843915302
90,0.6,0.2,"TC",20.6092035380717
60,0.8,0.2,"TC",13.6374862785444
60,0.6,0.2,"TC",7.10207746126908
75,0.7,0.2,"TC",13.3072850781209
90,0.8,0.2,"TC",19.298959624115
90,0.6,0.2,"TC",19.5287629073168
60,0.8,0.2,"TC",19.2271265174508
60,0.6,0.2,"TC",14.5393321270078
75,0.7,0.2,"TC",18.7267257074055
90,0.8,0.2,"TC",16.254528462194
90,0.6,0.2,"TC",19.4076765676421
60,0.8,0.2,"TC",21.8074418504367
60,0.6,0.2,"TC",15.5723725463049
75,0.7,0.2,"TC",12.132037471856
90,0.8,0.2,"TC",20.415458553505
90,0.6,0.2,"TC",18.3692469772502
60,0.8,0.2,"TC",20.1133025360812
60,0.6,0.2,"TC",17.1587771289206
75,0.7,0.2,"TC",12.8603160382092
90,0.8,0.2,"TC",14.587663042957
90,0.6,0.2,"TC",19.1081983228093
60,0.8,0.2,"TC",16.5139041914517
60,0.6,0.2,"TC",14.0566426932366
75,0.7,0.2,"TC",11.9676549416241
90,0.8,0.2,"TC",20.670781599486
90,0.6,0.2,"TC",17.0790845382632
60,0.8,0.2,"TC",17.4702420958715
60,0.6,0.2,"TC",14.893159750553
75,0.7,0.2,"TC",18.4512559512236
90,0.8,0.2,"TC",19.4821273574467
90,0.6,0.2,"TC",20.4710223630415
60,0.8,0.2,"TC",17.0160967910355
60,0.6,0.2,"TC",9.70536915743722
75,0.7,0.2,"TC",14.5505819891762
90,0.8,0.2,"TC",21.6670726877312
90,0.6,0.2,"TC",19.9258498233471
60,0.8,0.2,"TC",18.9034419148532
60,0.6,0.2,"TC",10.03424931451
75,0.7,0.2,"TC",11.953929783818
90,0.8,0.2,"TC",22.4523446012196
90,0.6,0.2,"TC",20.3587665033007
60,0.8,0.2,"TC",21.114333415472
60,0.6,0.2,"TC",18.8926326671746
75,0.7,0.2,"TC",13.1274608901214
90,0.8,0.2,"TC",21.4188177451371
90,0.6,0.2,"TC",22.7385601421714
60,0.8,0.2,"TC",16.8814101778008
60,0.6,0.2,"TC",10.7195413684588
75,0.7,0.2,"TC",14.4968417332155
90,0.8,0.2,"TC",21.8712920827766
90,0.6,0.2,"TC",22.2117996352275
60,0.8,0.2,"TC",16.4177046476661
60,0.6,0.2,"TC",14.7725873941962
75,0.7,0.2,"TC",14.410812860701
90,0.8,0.2,"TC",16.7846574572081
90,0.6,0.2,"TC",19.0864132593762
60,0.8,0.2,"TC",18.8439085704225
60,0.6,0.2,"TC",21.6741678772946
75,0.7,0.2,"TC",13.486315752622
90,0.8,0.2,"TC",17.3077092570268
90,0.6,0.2,"TC",15.7089570489086
60,0.8,0.2,"TC",18.732485853507
60,0.6,0.2,"TC",15.9775263682238
75,0.7,0.2,"TC",11.5904642795205
90,0.8,0.2,"TC",19.2927895220665
90,0.6,0.2,"TC",15.4022476322338
60,0.8,0.2,"TC",23.6581528851159
60,0.6,0.2,"TC",14.6531931428834
75,0.7,0.2,"TC",15.7971269226321
90,0.8,0.2,"TC",13.4532280424911
90,0.6,0.2,"TC",20.2348560049664
60,0.8,0.2,"TC",19.3281183953497
60,0.6,0.2,"TC",11.5080916117319
75,0.7,0.2,"TC",11.5876682145763
90,0.8,0.2,"TC",18.9002443527452
90,0.6,0.2,"TC",19.3937683240647
60,0.8,0.2,"TC",15.6849413595652
60,0.6,0.2,"TC",16.176452451914
75,0.7,0.2,"TC",11.2859027258595
90,0.8,0.2,"TC",21.5665772172537
90,0.6,0.2,"TC",15.912412402323
60,0.8,0.2,"TC",16.4726757126396
60,0.6,0.2,"TC",19.766024774165
75,0.7,0.2,"TC",13.9964325448802
90,0.8,0.2,"TC",22.1601426916851
90,0.6,0.2,"TC",21.329350932414
60,0.8,0.2,"TC",16.7363662909015
60,0.6,0.2,"TC",16.3315602927202
75,0.7,0.2,"TC",17.0703198432468
90,0.8,0.2,"TC",15.16666554859
90,0.6,0.2,"TC",18.7824800000725
60,0.8,0.2,"TC",16.5183240354662
60,0.6,0.2,"TC",11.8122556626038
75,0.7,0.2,"TC",12.1680314670769
90,0.8,0.2,"TC",11.3597051459396
90,0.6,0.2,"TC",18.9351903734943
60,0.8,0.2,"TC",12.6544815781368
60,0.6,0.2,"TC",17.0900587882137
75,0.7,0.2,"TC",10.9875896391657
90,0.8,0.2,"TC",15.6898653743584
90,0.6,0.2,"TC",19.5126562316174
60,0.8,0.2,"TC",18.5795371442478
60,0.6,0.2,"TC",10.1907675286801
75,0.7,0.2,"TC",16.3535200118078
90,0.8,0.2,"TC",20.3318669009406
90,0.6,0.2,"TC",19.5261416104385
60,0.8,0.2,"TC",16.5364013953714
60,0.6,0.2,"TC",17.1148034245275
75,0.7,0.2,"TC",17.642123996318
90,0.8,0.2,"TC",14.5817395741337
90,0.6,0.2,"TC",20.8145462292608
60,0.8,0.2,"TC",14.6608433578737
60,0.6,0.2,"TC",17.4759160757209
75,0.7,0.2,"TC",19.2773395518821
90,0.8,0.2,"TC",16.374176166847
90,0.6,0.2,"TC",19.8971196002632
60,0.8,0.2,"TC",16.1106200464277
60,0.6,0.2,"TC",15.5109874629624
75,0.7,0.2,"TC",16.8153861139958
90,0.8,0.2,"TC",19.198804176381
90,0.6,0.2,"TC",18.2478601187387
60,0.8,0.2,"TC",16.3308085721282
60,0.6,0.2,"TC",17.0394489824209
75,0.7,0.2,"TC",16.6484619204518
90,0.8,0.2,"TC",12.0871253547111
90,0.6,0.2,"TC",17.8530630794179
60,0.8,0.2,"TC",20.3897149393714
60,0.6,0.2,"TC",16.5516909817983
75,0.7,0.2,"TC",11.8056149298591
90,0.8,0.2,"TC",15.1059111193868
90,0.6,0.2,"TC",16.2707941179604
60,0.8,0.2,"TC",18.0389039067213
60,0.6,0.2,"TC",11.6007905116238
75,0.7,0.2,"TC",16.5922532005909
90,0.8,0.2,"TC",21.0977945756196
90,0.6,0.2,"TC",26.0753027414965
60,0.8,0.2,"TC",20.1438637851326
60,0.6,0.2,"TC",19.1130649738915
75,0.7,0.2,"TC",14.6470421954199
90,0.8,0.2,"TC",15.4844860411444
90,0.6,0.2,"TC",15.3877494686464
60,0.8,0.2,"TC",18.1448409720302
60,0.6,0.2,"TC",15.3598658551808
75,0.7,0.2,"TC",11.837317882577
90,0.8,0.2,"TC",19.4862224997546
90,0.6,0.2,"TC",21.1811739999334
60,0.8,0.2,"TC",13.713656853598
60,0.6,0.2,"TC",15.3453909145415
75,0.7,0.2,"TC",16.5869662007726
90,0.8,0.2,"TC",20.9001549430721
90,0.6,0.2,"TC",19.5148004872656
60,0.8,0.2,"TC",24.3525152663504
60,0.6,0.2,"TC",11.2008654528827
75,0.7,0.2,"TC",14.7650528426409
90,0.8,0.2,"TC",17.3597015931783
90,0.6,0.2,"TC",18.9532833514711
60,0.8,0.2,"TC",23.5249392341247
60,0.6,0.2,"TC",17.5928062085071
75,0.7,0.2,"TC",11.7742732750868
90,0.8,0.2,"TC",21.3032494140743
90,0.6,0.2,"TC",15.6211844693311
60,0.8,0.2,"TC",16.452972691129
60,0.6,0.2,"TC",16.5298469527178
75,0.7,0.2,"TC",11.8021006741134
90,0.8,0.2,"TC",17.3782623444786
90,0.6,0.2,"TC",21.5606818947555
60,0.8,0.2,"TC",17.5763288393695
60,0.6,0.2,"TC",14.040351120413
75,0.7,0.2,"TC",12.6867111404514
90,0.8,0.2,"TC",25.3261027807843
90,0.6,0.2,"TC",25.6687263165857
60,0.8,0.2,"TC",17.9895701725514
60,0.6,0.2,"TC",15.434075153621
75,0.7,0.2,"TC",14.6935149562006
90,0.8,0.2,"TC",16.5793391942168
90,0.6,0.2,"TC",16.8576741369216
60,0.8,0.2,"TC",18.9220155204931
60,0.6,0.2,"TC",13.7043781708264
75,0.7,0.2,"TC",18.3490226298579
90,0.8,0.2,"TC",19.2696956472045
90,0.6,0.2,"TC",13.900603796761
60,0.8,0.2,"TC",16.9207350439812
60,0.6,0.2,"TC",18.5916685666231
75,0.7,0.2,"TC",19.217968213252
90,0.8,0.2,"TC",21.4854215942598
90,0.6,0.2,"TC",15.2971258595871
60,0.8,0.2,"TC",14.8514614176098
60,0.6,0.2,"TC",13.3992397829725
75,0.7,0.2,"TC",18.2533515455708
90,0.8,0.2,"TC",20.0777781532126
90,0.6,0.2,"TC",21.0819861880347
60,0.8,0.2,"TC",19.5552795809241
60,0.6,0.2,"TC",15.4818478638246
75,0.7,0.2,"TC",20.3003393519413
90,0.8,0.2,"TC",18.6201500352131
90,0.6,0.2,"TC",18.3850886660434
60,0.8,0.2,"TC",17.5441202635801
60,0.6,0.2,"TC",11.0837306172069
75,0.7,0.2,"TC",16.1995655546184
90,0.8,0.2,"TC",19.2584275320004
90,0.6,0.2,"TC",19.2852008388833
60,0.8,0.2,"TC",16.3291947463696
60,0.6,0.2,"TC",17.1888298700187
75,0.7,0.2,"TC",18.8869816991661
90,0.8,0.2,"TC",18.2144280659872
90,0.6,0.2,"TC",20.0764410582833
60,0.8,0.2,"TC",17.5157181182278
60,0.6,0.2,"TC",10.3657560289997
75,0.7,0.2,"TC",11.1692193374222
90,0.8,0.2,"TC",22.0085997504728
90,0.6,0.2,"TC",20.6106346897507
60,0.8,0.2,"TC",19.9162413160474
60,0.6,0.2,"TC",7.93963953452274
75,0.7,0.2,"TC",19.4365396801135
90,0.8,0.2,"TC",16.0917602937581
90,0.6,0.2,"TC",16.8907761816284
60,0.8,0.2,"TC",16.8470151650416
60,0.6,0.2,"TC",16.9499337128207
75,0.7,0.2,"TC",17.4902999788254
90,0.8,0.2,"TC",22.2977745345185
90,0.6,0.2,"TC",20.4030491229491
60,0.8,0.2,"TC",16.8282059762842
60,0.6,0.2,"TC",13.2078879400177
75,0.7,0.2,"TC",13.1620810623294
90,0.8,0.2,"TC",23.1697060971057
90,0.6,0.2,"TC",20.6985230099975
60,0.8,0.2,"TC",14.7360087514333
60,0.6,0.2,"TC",17.3154598283399
75,0.7,0.2,"TC",16.9615179193253
90,0.8,0.2,"TC",20.2838028372742
90,0.6,0.2,"TC",14.2742929044095
60,0.8,0.2,"TC",18.059287842764
60,0.6,0.2,"TC",18.4603173299411
75,0.7,0.2,"TC",18.344700445618
90,0.8,0.2,"TC",16.5587016471708
90,0.6,0.2,"TC",24.2131733209892
60,0.8,0.2,"TC",16.9334605990831
60,0.6,0.2,"TC",13.0666597776131
75,0.7,0.2,"TC",11.784822196956
90,0.8,0.2,"TC",17.4211898064089
90,0.6,0.2,"TC",17.9777318141817
60,0.8,0.2,"TC",23.4001364937773
60,0.6,0.2,"TC",16.0030558892454
75,0.7,0.2,"TC",18.8703596779777
90,0.8,0.2,"TC",20.9428629986877
90,0.6,0.2,"TC",20.0345054216921
60,0.8,0.2,"TC",18.0341076357285
60,0.6,0.2,"TC",14.8792524462481
75,0.7,0.2,"TC",13.1558922436605
90,0.8,0.2,"TC",17.2911579451043
90,0.6,0.2,"TC",18.2608220159717
60,0.8,0.2,"TC",11.6234800840054
60,0.6,0.2,"TC",9.20712838826138
75,0.7,0.2,"TC",11.0235919055848
90,0.8,0.2,"TC",20.1135392684402
90,0.6,0.2,"TC",19.5619862740827
60,0.8,0.2,"TC",17.9621666437299
60,0.6,0.2,"TC",13.8667629513027
75,0.7,0.2,"TC",14.172775416679
90,0.8,0.2,"TC",24.0181378632098
90,0.6,0.2,"TC",20.1114141480405
60,0.8,0.2,"TC",13.596465251688
60,0.6,0.2,"TC",17.5838850721996
75,0.7,0.2,"TC",13.0181897209618
90,0.8,0.2,"TC",19.6348527868759
90,0.6,0.2,"TC",19.9984520551029
60,0.8,0.2,"TC",20.5371059455919
60,0.6,0.2,"TC",19.0391093403712
75,0.7,0.2,"TC",11.6431099885045
90,0.8,0.2,"TC",15.5716537884179
90,0.6,0.2,"TC",19.2728102241074
60,0.8,0.2,"TC",17.8492258284815
60,0.6,0.2,"TC",14.7966390762213
75,0.7,0.2,"TC",14.6875509779822
90,0.8,0.2,"TC",17.5001030225472
90,0.6,0.2,"TC",15.0517811525559
60,0.8,0.2,"TC",20.6563420573025
60,0.6,0.2,"TC",16.9976645068046
75,0.7,0.2,"TC",15.2722582918897
90,0.8,0.2,"TC",18.8608018672563
90,0.6,0.2,"TC",18.2577165920522
60,0.8,0.2,"TC",18.4334135243501
60,0.6,0.2,"TC",12.7698717265161
75,0.7,0.2,"TC",14.4940437743913
90,0.8,0.2,"TC",21.2134822047558
90,0.6,0.2,"TC",15.2451277602384
60,0.8,0.2,"TC",19.1994753291243
60,0.6,0.2,"TC",15.30432313555
75,0.7,0.2,"TC",12.608797639811
90,0.8,0.2,"TC",19.6731712200942
90,0.6,0.2,"TC",19.7593673872297
60,0.8,0.2,"TC",20.1467386436217
60,0.6,0.2,"TC",16.3314222918175
75,0.7,0.2,"TC",18.0396044598012
90,0.8,0.2,"TC",19.8863799904962
90,0.6,0.2,"TC",18.6130436829162
60,0.8,0.2,"TC",16.8214275762633
60,0.6,0.2,"TC",15.2915406104768
75,0.7,0.2,"TC",16.2499974998127
90,0.8,0.2,"TC",22.2943124717567
90,0.6,0.2,"TC",16.9996383331397
60,0.8,0.2,"TC",16.6873040650205
60,0.6,0.2,"TC",12.8689280228828
75,0.7,0.2,"TC",17.0281100808824
90,0.8,0.2,"TC",20.8280157318897
90,0.6,0.2,"TC",21.3996198335331
60,0.8,0.2,"TC",18.8158351953979
60,0.6,0.2,"TC",15.2972182159684
75,0.7,0.2,"TC",11.8273688499075
90,0.8,0.2,"TC",22.0799036300388
90,0.6,0.2,"TC",20.611529471095
60,0.8,0.2,"TC",18.8223375006609
60,0.6,0.2,"TC",17.9908387865521
75,0.7,0.2,"TC",11.5793268040359
90,0.8,0.2,"TC",16.3149308961214
90,0.6,0.2,"TC",24.3873137661586
60,0.8,0.2,"TC",18.5439094647362
60,0.6,0.2,"TC",10.4102474868351
75,0.7,0.2,"TC",13.3984627252868
90,0.8,0.2,"TC",20.3175038742361
90,0.6,0.2,"TC",16.2349990533948
60,0.8,0.2,"TC",25.9574086976302
60,0.6,0.2,"TC",13.6710608921287
75,0.7,0.2,"TC",20.634532560714
90,0.8,0.2,"TC",20.1037647982867
90,0.6,0.2,"TC",22.9270821480355
60,0.8,0.2,"TC",19.5962956784627
60,0.6,0.2,"TC",13.6837786682938
75,0.7,0.2,"TC",14.5347436199805
90,0.8,0.2,"TC",13.4287974119985
90,0.6,0.2,"TC",17.5116719557231
60,0.8,0.2,"TC",15.7909122876551
60,0.6,0.2,"TC",17.3336901951092
75,0.7,0.2,"TC",17.5240377026826
90,0.8,0.2,"TC",19.8296230162672
90,0.6,0.2,"TC",22.569941703241
60,0.8,0.2,"TC",22.7775616350912
60,0.6,0.2,"TC",16.022023076936
75,0.7,0.2,"TC",19.0650292513604
90,0.8,0.2,"TC",18.3271439866455
90,0.6,0.2,"TC",13.6248582870344
60,0.8,0.2,"TC",18.8600414349885
60,0.6,0.2,"TC",17.9888789315008
75,0.7,0.2,"TC",13.8794598015599
90,0.8,0.2,"TC",21.796850110517
90,0.6,0.2,"TC",20.2079120609701
60,0.8,0.2,"TC",14.7659243386781
60,0.6,0.2,"TC",15.6719809068572
75,0.7,0.2,"TC",21.8527208427459
90,0.8,0.2,"TC",22.1258573531972
90,0.6,0.2,"TC",22.515141041609
60,0.8,0.2,"TC",17.3061331017511
60,0.6,0.2,"TC",13.6456615179601
75,0.7,0.2,"TC",16.1655081765995
90,0.8,0.2,"TC",20.2601437151236
90,0.6,0.2,"TC",10.7630272180319
60,0.8,0.2,"TC",14.4070839567218
60,0.6,0.2,"TC",17.1131715784378
75,0.7,0.2,"TC",20.4782144402514
90,0.8,0.2,"TC",18.746287426306
90,0.6,0.2,"TC",15.0328339097717
60,0.8,0.2,"TC",19.9959888411982
60,0.6,0.2,"TC",14.2003406965623
75,0.7,0.2,"TC",15.6732470655522
90,0.8,0.2,"TC",18.3966100776501
90,0.6,0.2,"TC",17.3769377406345
60,0.8,0.2,"TC",16.6064310747473
60,0.6,0.2,"TC",13.5373517072702
75,0.7,0.2,"TC",16.8779470883726
90,0.8,0.2,"TC",24.599406082298
90,0.6,0.2,"TC",15.6952447783728
60,0.8,0.2,"TC",19.2105467197798
60,0.6,0.2,"TC",18.4750047440597
75,0.7,0.2,"TC",18.8449852781253
90,0.8,0.2,"TC",15.095232605707
90,0.6,0.2,"TC",13.6396678644128
60,0.8,0.2,"TC",20.0052130815016
60,0.6,0.2,"TC",12.4823137316515
75,0.7,0.2,"TC",8.27548325196248
90,0.8,0.2,"TC",20.6959988809215
90,0.6,0.2,"TC",16.2573866048547
60,0.8,0.2,"TC",22.098180812353
60,0.6,0.2,"TC",12.721873702921
75,0.7,0.2,"TC",16.253462518663
90,0.8,0.2,"TC",20.0922015848275
90,0.6,0.2,"TC",17.9953268075444
60,0.8,0.2,"TC",18.6138193000644
60,0.6,0.2,"TC",9.89961724023428
75,0.7,0.2,"TC",11.3115742631095
90,0.8,0.2,"TC",17.0446044731324
90,0.6,0.2,"TC",19.6462808813872
60,0.8,0.2,"TC",18.3075175010053
60,0.6,0.2,"TC",15.2624051507212
75,0.7,0.2,"TC",13.6080709697173
90,0.8,0.2,"TC",19.6267394908933
90,0.6,0.2,"TC",23.5067623865229
60,0.8,0.2,"TC",21.5037722097759
60,0.6,0.2,"TC",15.4842273290098
75,0.7,0.2,"TC",13.30888823699
90,0.8,0.2,"TC",17.8540121102602
90,0.6,0.2,"TC",16.5159240892563
60,0.8,0.2,"TC",14.232406193287
60,0.6,0.2,"TC",9.70173731133877
75,0.7,0.2,"TC",7.44640757333395
90,0.8,0.2,"TC",18.9982032655789
90,0.6,0.2,"TC",16.7812598958274
60,0.8,0.2,"TC",16.4720146378219
60,0.6,0.2,"TC",11.9912752057136
75,0.7,0.2,"TC",11.270326986653
90,0.8,0.2,"TC",25.3988018215963
90,0.6,0.2,"TC",18.0664064807121
60,0.8,0.2,"TC",16.0671056739398
60,0.6,0.2,"TC",10.6216938154875
75,0.7,0.2,"TC",13.2737932102485
90,0.8,0.2,"TC",18.4429471823242
90,0.6,0.2,"TC",11.8506345118708
60,0.8,0.2,"TC",19.0832800499829
60,0.6,0.2,"TC",10.4003374729043
75,0.7,0.2,"TC",17.1802409296417
90,0.8,0.2,"TC",21.0343080606528
90,0.6,0.2,"TC",19.1075471985382
60,0.8,0.2,"TC",15.527364006914
60,0.6,0.2,"TC",15.5410254949298
75,0.7,0.2,"TC",15.5210332797991
90,0.8,0.2,"TC",22.5157752608983
90,0.6,0.2,"TC",19.4672962681826
60,0.8,0.2,"TC",21.1749733273291
60,0.6,0.2,"TC",18.3258903482659
75,0.7,0.2,"TC",16.6252912815141
90,0.8,0.2,"TC",17.9341438599841
90,0.6,0.2,"TC",19.5934345555443
60,0.8,0.2,"TC",11.9606885888868
60,0.6,0.2,"TC",16.3979171992768
75,0.7,0.2,"TC",16.4094424058813
90,0.8,0.2,"TC",19.1291342960542
90,0.6,0.2,"TC",20.1981829791574
60,0.8,0.2,"TC",20.891253306485
60,0.6,0.2,"TC",11.9788700839086
75,0.7,0.2,"TC",14.3438903017172
90,0.8,0.2,"TC",19.257365147099
90,0.6,0.2,"TC",22.9890006834887
60,0.8,0.2,"TC",16.1618944791683
60,0.6,0.2,"TC",11.4534445885878
75,0.7,0.2,"TC",19.5113500938424
90,0.8,0.2,"TC",20.9675958734623
90,0.6,0.2,"TC",15.9409442252894
60,0.8,0.2,"TC",18.7036118212809
60,0.6,0.2,"TC",17.4383672150505
75,0.7,0.2,"TC",18.3992762634174
90,0.8,0.2,"TC",16.2735715660241
90,0.6,0.2,"TC",18.4945911560034
60,0.8,0.2,"TC",13.887405661784
60,0.6,0.2,"TC",19.8241432616331
75,0.7,0.2,"TC",17.46763333914
90,0.8,0.2,"TC",16.8017117596335
90,0.6,0.2,"TC",14.9378163893733
60,0.8,0.2,"TC",19.2514183901103
60,0.6,0.2,"TC",14.3377130891539
75,0.7,0.2,"TC",20.6307622693639
90,0.8,0.2,"TC",14.5554572044522
90,0.6,0.2,"TC",16.2904813426934
60,0.8,0.2,"TC",20.0373230723926
60,0.6,0.2,"TC",17.9940004266234
75,0.7,0.2,"TC",15.5783007207002
90,0.8,0.2,"TC",23.3072150427144
90,0.6,0.2,"TC",14.4751393574925
60,0.8,0.2,"TC",11.5460554864701
60,0.6,0.2,"TC",15.429133740526
75,0.7,0.2,"TC",16.0770092065152
90,0.8,0.2,"TC",19.96482962732
90,0.6,0.2,"TC",13.9641010683477
60,0.8,0.2,"TC",21.1023345090232
60,0.6,0.2,"TC",14.3802877752361
75,0.7,0.2,"TC",17.3213098629554
90,0.8,0.2,"TC",17.4644249357934
90,0.6,0.2,"TC",17.581186896956
60,0.8,0.2,"TC",18.5262552648469
60,0.6,0.2,"TC",15.4658392441536
75,0.7,0.2,"TC",18.3011618449498
90,0.8,0.2,"TC",19.382213169534
90,0.6,0.2,"TC",15.6967264188458
60,0.8,0.2,"TC",21.998567713854
60,0.6,0.2,"TC",16.1058528099625
75,0.7,0.2,"TC",12.4020577217903
90,0.8,0.2,"TC",15.2305049907445
90,0.6,0.2,"TC",19.126713397045
60,0.8,0.2,"TC",17.2301402801648
60,0.6,0.2,"TC",13.6968468989116
75,0.7,0.2,"TC",15.8092621077675
90,0.8,0.2,"TC",15.1800205899162
90,0.6,0.2,"TC",14.0922324009029
60,0.8,0.2,"TC",17.3955161210845
60,0.6,0.2,"TC",14.6848360796227
75,0.7,0.2,"TC",14.3473905439791
90,0.8,0.2,"TC",19.5432762757402
90,0.6,0.2,"TC",19.9728792852974
60,0.8,0.2,"TC",18.5934827257535
60,0.6,0.2,"TC",14.2504328443203
75,0.7,0.2,"TC",18.9381352947417
90,0.8,0.2,"TC",17.1026343498736
90,0.6,0.2,"TC",24.4868152039024
60,0.8,0.2,"TC",13.8338164724938
60,0.6,0.2,"TC",12.9168918979419
75,0.7,0.2,"TC",15.3716696576743
90,0.8,0.2,"TC",17.6358120340376
90,0.6,0.2,"TC",12.3991558155814
60,0.8,0.2,"TC",18.5272221710147
60,0.6,0.2,"TC",14.8933790047789
75,0.7,0.2,"TC",13.355901162041
90,0.8,0.2,"TC",20.8486371860938
90,0.6,0.2,"TC",18.8707716133048
60,0.8,0.2,"TC",18.9978261769107
60,0.6,0.2,"TC",15.6128974693711
75,0.7,0.2,"TC",14.4896406874291
90,0.8,0.2,"TC",17.2278029299358
90,0.6,0.2,"TC",15.5640583914801
60,0.8,0.2,"TC",20.7989857413097
60,0.6,0.2,"TC",15.158290463006
75,0.7,0.2,"TC",6.79920499747265
90,0.8,0.2,"TC",17.7112708560796
90,0.6,0.2,"TC",14.148123000565
60,0.8,0.2,"TC",17.746518659381
60,0.6,0.2,"TC",15.9870212267548
75,0.7,0.2,"TC",15.4120587538987
90,0.8,0.2,"TC",18.5493304289873
90,0.6,0.2,"TC",12.3735084325102
60,0.8,0.2,"TC",15.4511287557103
60,0.6,0.2,"TC",16.750101727521
75,0.7,0.2,"TC",11.2821795654923
90,0.8,0.2,"TC",21.2120841230928
90,0.6,0.2,"TC",23.3283590433318
60,0.8,0.2,"TC",17.5896271583241
60,0.6,0.2,"TC",9.81305927144079
75,0.7,0.2,"TC",17.8694507300894
90,0.8,0.2,"TC",18.9701098188057
90,0.6,0.2,"TC",17.2043657569442
60,0.8,0.2,"TC",17.0108743553865
60,0.6,0.2,"TC",11.4560832074695
75,0.7,0.2,"TC",18.874402895059
90,0.8,0.2,"TC",20.1175165514164
90,0.6,0.2,"TC",19.416674005684
60,0.8,0.2,"TC",18.1693039753647
60,0.6,0.2,"TC",13.2745166161225
75,0.7,0.2,"TC",13.5549158781745
90,0.8,0.2,"TC",22.6859120454167
90,0.6,0.2,"TC",14.8408612600414
60,0.8,0.2,"TC",18.1340981342383
60,0.6,0.2,"TC",14.2768457294572
75,0.7,0.2,"TC",16.6007217388511
90,0.8,0.2,"TC",16.1622326557587
90,0.6,0.2,"TC",17.540466641647
60,0.8,0.2,"TC",23.6452137018325
60,0.6,0.2,"TC",9.85975628059013
75,0.7,0.2,"TC",23.9190735224808
90,0.8,0.2,"TC",20.6668745491456
90,0.6,0.2,"TC",20.0513618941112
60,0.8,0.2,"TC",17.5805904836111
60,0.6,0.2,"TC",13.6616736193882
75,0.7,0.2,"TC",10.1475189269975
90,0.8,0.2,"TC",18.0181524203551
90,0.6,0.2,"TC",22.4990006488192
60,0.8,0.2,"TC",22.7985587541717
60,0.6,0.2,"TC",15.6349374935884
75,0.7,0.2,"TC",14.5206897078145
90,0.8,0.2,"TC",22.266178550693
90,0.6,0.2,"TC",19.6932902338476
60,0.8,0.2,"TC",21.4524173294015
60,0.6,0.2,"TC",15.4595559246853
75,0.7,0.2,"TC",14.7936041547933
90,0.8,0.2,"TC",17.7534363035077
90,0.6,0.2,"TC",25.1319608565486
60,0.8,0.2,"TC",15.0932771366661
60,0.6,0.2,"TC",14.4003808880272
75,0.7,0.2,"TC",17.0534703707276
90,0.8,0.2,"TC",12.2625442711279
90,0.6,0.2,"TC",17.6146855426159
60,0.8,0.2,"TC",17.1524708368566
60,0.6,0.2,"TC",13.0047313693111
75,0.7,0.2,"TC",13.1102534040048
90,0.8,0.2,"TC",20.8018279717606
90,0.6,0.2,"TC",22.9369336127457
60,0.8,0.2,"TC",16.8843369737318
60,0.6,0.2,"TC",14.3212399837649
75,0.7,0.2,"TC",18.3290246930681
90,0.8,0.2,"TC",17.3947579030403
90,0.6,0.2,"TC",13.6025534779778
60,0.8,0.2,"TC",19.4361400376201
60,0.6,0.2,"TC",17.1353825993937
75,0.7,0.2,"TC",15.5597912188438
90,0.8,0.2,"TC",20.3825023748558
90,0.6,0.2,"TC",17.5165711673946
60,0.8,0.2,"TC",13.4465301103275
60,0.6,0.2,"TC",21.1879515740594
75,0.7,0.2,"TC",15.3601959302392
90,0.8,0.2,"TC",19.7598587421048
90,0.6,0.2,"TC",16.6208863910396
60,0.8,0.2,"TC",20.9274486603026
60,0.6,0.2,"TC",16.3622966070327
75,0.7,0.2,"TC",14.968782113404
90,0.8,0.2,"TC",14.6324072957214
90,0.6,0.2,"TC",16.9620370871179
60,0.8,0.2,"TC",18.7087274002452
60,0.6,0.2,"TC",14.1965940952872
75,0.7,0.2,"TC",16.1573997460932
90,0.8,0.2,"TC",23.0339234072303
90,0.6,0.2,"TC",16.8396481800502
60,0.8,0.2,"TC",22.5296605078738
60,0.6,0.2,"TC",14.8618172448675
75,0.7,0.2,"TC",17.1976557137392
90,0.8,0.2,"TC",17.0408444023829
90,0.6,0.2,"TC",19.7820963451173
60,0.8,0.2,"TC",18.7347130337651
60,0.6,0.2,"TC",23.1987373306521
75,0.7,0.2,"TC",10.8724610796525
90,0.8,0.2,"TC",16.7995778082341
90,0.6,0.2,"TC",16.0257884087405
60,0.8,0.2,"TC",13.5803300111591
60,0.6,0.2,"TC",17.6770539243493
75,0.7,0.2,"TC",19.6631038155968
90,0.8,0.2,"TC",19.1153804336725
90,0.6,0.2,"TC",16.5497658057912
60,0.8,0.2,"TC",14.9934968229459
60,0.6,0.2,"TC",12.9323958084368
75,0.7,0.2,"TC",14.5133415045344
90,0.8,0.2,"TC",18.0621603304267
90,0.6,0.2,"TC",20.606503057334
60,0.8,0.2,"TC",26.6595625411024
60,0.6,0.2,"TC",16.8859946023206
75,0.7,0.2,"TC",10.6023424850198
90,0.8,0.2,"TC",13.6156010228317
90,0.6,0.2,"TC",19.090725692669
60,0.8,0.2,"TC",17.7706574203547
60,0.6,0.2,"TC",12.3127083842461
75,0.7,0.2,"TC",21.5691359103216
90,0.8,0.2,"TC",20.9654486144573
90,0.6,0.2,"TC",18.1472724031472
60,0.8,0.2,"TC",18.1392991414068
60,0.6,0.2,"TC",16.0159854679491
75,0.7,0.2,"TC",16.97967838096
90,0.8,0.2,"TC",13.6387536287548
90,0.6,0.2,"TC",23.8554601006077
60,0.8,0.2,"TC",16.5288361911851
60,0.6,0.2,"TC",17.0384958661824
75,0.7,0.2,"TC",13.4660391580069
90,0.8,0.2,"TC",10.8016772142052
90,0.6,0.2,"TC",21.9614418301473
60,0.8,0.2,"TC",15.5767828827215
60,0.6,0.2,"TC",12.9678176360522
75,0.7,0.2,"TC",10.4495365849843
90,0.8,0.2,"TC",13.749079010404
90,0.6,0.2,"TC",16.0527403995365
60,0.8,0.2,"TC",20.1233852606256
60,0.6,0.2,"TC",11.5440595544452
75,0.7,0.2,"TC",15.4738665883492
90,0.8,0.2,"TC",17.631567525641
90,0.6,0.2,"TC",12.5940107653399
60,0.8,0.2,"TC",18.726581060874
60,0.6,0.2,"TC",13.6889613095256
75,0.7,0.2,"TC",11.3144127537469
90,0.8,0.2,"TC",17.6073462257709
90,0.6,0.2,"TC",18.6317326168772
60,0.8,0.2,"TC",17.8419490361216
60,0.6,0.2,"TC",12.2314454185338
75,0.7,0.2,"TC",20.0574401898322
90,0.8,0.2,"TC",19.2387548738826
90,0.6,0.2,"TC",18.7626154900752
60,0.8,0.2,"TC",14.5312015566321
60,0.6,0.2,"TC",15.6447243487431
75,0.7,0.2,"TC",12.8618463626744
90,0.8,0.2,"TC",21.2694831570959
90,0.6,0.2,"TC",19.298163910906
60,0.8,0.2,"TC",17.2569767470473
60,0.6,0.2,"TC",10.2508124921138
75,0.7,0.2,"TC",11.6992336728082
90,0.8,0.2,"TC",18.7801411604831
90,0.6,0.2,"TC",23.148927732359
60,0.8,0.2,"TC",18.5122160319373
60,0.6,0.2,"TC",11.3167572967744
75,0.7,0.2,"TC",13.2083800904956
90,0.8,0.2,"TC",18.6582995804511
90,0.6,0.2,"TC",21.0161010009198
60,0.8,0.2,"TC",17.8493943644582
60,0.6,0.2,"TC",19.7237440109693
75,0.7,0.2,"TC",13.9229468254916
90,0.8,0.2,"TC",16.6715809077055
90,0.6,0.2,"TC",16.1929579011681
60,0.8,0.2,"TC",17.6089469701349
60,0.6,0.2,"TC",17.067423578322
75,0.7,0.2,"TC",18.8085222948197
90,0.8,0.2,"TC",19.243980753177
90,0.6,0.2,"TC",20.4470734406713
60,0.8,0.2,"TC",16.3753751581157
60,0.6,0.2,"TC",13.6271446008637
75,0.7,0.2,"TC",7.16533788071041
90,0.8,0.2,"TC",23.0758042197933
90,0.6,0.2,"TC",17.8489835105377
60,0.8,0.2,"TC",17.7398525183128
60,0.6,0.2,"TC",23.6769042352725
75,0.7,0.2,"TC",16.8559843085273
90,0.8,0.2,"TC",9.81308398745001
90,0.6,0.2,"TC",16.634623156987
60,0.8,0.2,"TC",18.5265194748197
60,0.6,0.2,"TC",12.7445398921094
75,0.7,0.2,"TC",13.8601249093393
90,0.8,0.2,"TC",17.9186908998238
90,0.6,0.2,"TC",20.4030262828774
60,0.8,0.2,"TC",12.5545282987611
60,0.6,0.2,"TC",15.7630521127448
75,0.7,0.2,"TC",11.9115452425004
90,0.8,0.2,"TC",19.0261704449972
90,0.6,0.2,"TC",23.2123731523268
60,0.8,0.2,"TC",15.1674401334417
60,0.6,0.2,"TC",12.7609162291114
75,0.7,0.2,"TC",17.2934561740667
90,0.8,0.2,"TC",23.6726138158197
90,0.6,0.2,"TC",16.5273827923638
60,0.8,0.2,"TC",14.5009313109779
60,0.6,0.2,"TC",15.5335182363914
75,0.7,0.2,"TC",13.9682563639422
90,0.8,0.2,"TC",18.6608813696845
90,0.6,0.2,"TC",14.5818238918837
60,0.8,0.2,"TC",18.5846002613683
60,0.6,0.2,"TC",13.7514528995657
75,0.7,0.2,"TC",19.3019365397293
90,0.8,0.2,"TC",15.8952403152493
90,0.6,0.2,"TC",14.2042728089776
60,0.8,0.2,"TC",23.5848224181912
60,0.6,0.2,"TC",9.19231162694279
75,0.7,0.2,"TC",13.9026916560037
90,0.8,0.2,"TC",20.5885892695786
90,0.6,0.2,"TC",12.4220903803562
60,0.8,0.2,"TC",18.5534671626227
60,0.6,0.2,"TC",15.889169923147
75,0.7,0.2,"TC",21.4311033943168
90,0.8,0.2,"TC",19.1877801361567
90,0.6,0.2,"TC",16.5605187531605
60,0.8,0.2,"TC",18.4192843873309
60,0.6,0.2,"TC",13.0468148496977
75,0.7,0.2,"TC",20.8697281908737
90,0.8,0.2,"TC",14.6357980846343
90,0.6,0.2,"TC",16.1921805394539
60,0.8,0.2,"TC",11.2198982349664
60,0.6,0.2,"TC",13.883835507397
75,0.7,0.2,"TC",12.2199176769515
90,0.8,0.2,"TC",20.6966466587231
90,0.6,0.2,"TC",17.8415204921801
60,0.8,0.2,"TC",19.9967967741727
60,0.6,0.2,"TC",15.8952667176305
75,0.7,0.2,"TC",17.3256784671974
90,0.8,0.2,"TC",16.331019365898
90,0.6,0.2,"TC",17.8745177672955
60,0.8,0.2,"TC",22.1262586852031
60,0.6,0.2,"TC",11.7012127461473
75,0.7,0.2,"TC",19.9715715734543
90,0.8,0.2,"TC",23.1799745219788
90,0.6,0.2,"TC",17.56414861746
60,0.8,0.2,"TC",19.8210655756468
60,0.6,0.2,"TC",19.4082023542201
75,0.7,0.2,"TC",16.4585328968244
90,0.8,0.2,"TC",14.5744082607335
90,0.6,0.2,"TC",16.2071582166169
60,0.8,0.2,"TC",18.6374553124762
60,0.6,0.2,"TC",15.5738653256044
75,0.7,0.2,"TC",12.6215461039221
90,0.8,0.2,"TC",20.3239046143895
90,0.6,0.2,"TC",16.529210584761
60,0.8,0.2,"TC",15.4501253321952
60,0.6,0.2,"TC",20.0633707147946
75,0.7,0.2,"TC",16.6509032232131
90,0.8,0.2,"TC",18.5634204613679
90,0.6,0.2,"TC",13.7872563044521
60,0.8,0.2,"TC",21.1960289594775
60,0.6,0.2,"TC",15.0231783732919
75,0.7,0.2,"TC",11.793577134226
90,0.8,0.2,"TC",17.8431525751003
90,0.6,0.2,"TC",21.3020790915612
60,0.8,0.2,"TC",15.1385834120728
60,0.6,0.2,"TC",15.4832738450555
75,0.7,0.2,"TC",12.8749073569569
90,0.8,0.2,"TC",14.5990853001421
90,0.6,0.2,"TC",13.9265130447785
60,0.8,0.2,"TC",15.6684643792149
60,0.6,0.2,"TC",13.9532793257573
75,0.7,0.2,"TC",11.9580502771318
90,0.8,0.2,"TC",21.8237034266619
90,0.6,0.2,"TC",25.3468077777993
60,0.8,0.2,"TC",18.7346179493606
60,0.6,0.2,"TC",13.811343909072
75,0.7,0.2,"TC",14.341512504323
90,0.8,0.2,"TC",21.9364024484071
90,0.6,0.2,"TC",17.7344909528542
60,0.8,0.2,"TC",21.2251626057116
60,0.6,0.2,"TC",13.59974457034
75,0.7,0.2,"TC",13.2401388577394
90,0.8,0.2,"TC",20.8445784099222
90,0.6,0.2,"TC",23.9099817210742
60,0.8,0.2,"TC",18.4733353067351
60,0.6,0.2,"TC",9.54952939438872
75,0.7,0.2,"TC",17.770222617256
90,0.8,0.2,"TC",18.0156009711711
90,0.6,0.2,"TC",19.5690414642614
60,0.8,0.2,"TC",19.8560624699433
60,0.6,0.2,"TC",13.614293366509
75,0.7,0.2,"TC",17.5874901547086
90,0.8,0.2,"TC",11.7054667277774
90,0.6,0.2,"TC",18.4088184905552
60,0.8,0.2,"TC",25.5799584318644
60,0.6,0.2,"TC",15.5471589550054
75,0.7,0.2,"TC",13.8278005059786
90,0.8,0.2,"TC",18.592270789301
90,0.6,0.2,"TC",15.6496134370245
60,0.8,0.2,"TC",12.8217847839261
60,0.6,0.2,"TC",10.3880992289506
75,0.7,0.2,"TC",16.9886709648842
90,0.8,0.2,"TC",18.0012425743236
90,0.6,0.2,"TC",15.7281222460794
60,0.8,0.2,"TC",16.7654280943678
60,0.6,0.2,"TC",14.1797614965839
75,0.7,0.2,"TC",13.4762389906258
90,0.8,0.2,"TC",15.3226562569064
90,0.6,0.2,"TC",16.8122936164244
60,0.8,0.2,"TC",23.3039996996513
60,0.6,0.2,"TC",15.8569325030285
75,0.7,0.2,"TC",15.0578577153193
90,0.8,0.2,"TC",13.7002312981507
90,0.6,0.2,"TC",18.078962002793
60,0.8,0.2,"TC",13.3306799936249
60,0.6,0.2,"TC",13.8025235611166
75,0.7,0.2,"TC",17.8430125228848
90,0.8,0.2,"TC",14.8100246099927
90,0.6,0.2,"TC",14.8886133255102
60,0.8,0.2,"TC",18.0261810945922
60,0.6,0.2,"TC",17.5895409415999
75,0.7,0.2,"TC",10.8968606948022
90,0.8,0.2,"TC",17.9285454730843
90,0.6,0.2,"TC",14.9910072437568
60,0.8,0.2,"TC",18.9903549417288
60,0.6,0.2,"TC",16.7256340721774
75,0.7,0.2,"TC",15.0545988195571
90,0.8,0.2,"TC",16.9670665257086
90,0.6,0.2,"TC",17.8434374746632
60,0.8,0.2,"TC",16.5110276028401
60,0.6,0.2,"TC",12.3296353622329
75,0.7,0.2,"TC",16.2647596519439
90,0.8,0.2,"TC",17.5388162735784
90,0.6,0.2,"TC",16.6755610163456
60,0.8,0.2,"TC",23.7508954003973
60,0.6,0.2,"TC",10.8447192602172
75,0.7,0.2,"TC",13.3642793793628
90,0.8,0.2,"TC",14.5797264531898
90,0.6,0.2,"TC",22.0798196680199
60,0.8,0.2,"TC",19.7948054793084
60,0.6,0.2,"TC",13.1815282702211
75,0.7,0.2,"TC",10.4552652305614
90,0.8,0.2,"TC",14.7577466724521
90,0.6,0.2,"TC",18.4025298153984
60,0.8,0.2,"TC",12.071533746098
60,0.6,0.2,"TC",15.0620774417938
75,0.7,0.2,"TC",12.7705996937317
90,0.8,0.2,"TC",20.7964963792659
90,0.6,0.2,"TC",16.8696591166239
60,0.8,0.2,"TC",19.5380398578276
60,0.6,0.2,"TC",15.058877344453
75,0.7,0.2,"TC",12.4359230587142
90,0.8,0.2,"TC",16.0715371836835
90,0.6,0.2,"TC",20.5214641993468
60,0.8,0.2,"TC",21.9654502705372
60,0.6,0.2,"TC",15.9833786436306
75,0.7,0.2,"TC",10.3424781381855
90,0.8,0.2,"TC",24.0125870290892
90,0.6,0.2,"TC",20.7205187387109
60,0.8,0.2,"TC",18.6029770680183
60,0.6,0.2,"TC",16.2638061624054
75,0.7,0.2,"TC",20.3931482265807
90,0.8,0.2,"TC",20.908729345602
90,0.6,0.2,"TC",16.5723118512828
60,0.8,0.2,"TC",17.9608258244778
60,0.6,0.2,"TC",16.508825897804
75,0.7,0.2,"TC",14.8712974807554
90,0.8,0.2,"TC",15.1698429472047
90,0.6,0.2,"TC",21.497017310591
60,0.8,0.2,"TC",17.4846416724584
60,0.6,0.2,"TC",16.3720742668404
75,0.7,0.2,"TC",15.518920315256
90,0.8,0.2,"TC",17.3818616697528
90,0.6,0.2,"TC",13.6716219316419
60,0.8,0.2,"TC",20.4168052285931
60,0.6,0.2,"TC",16.8379058929137
75,0.7,0.2,"TC",13.1755065401043
90,0.8,0.2,"TC",20.1016096098211
90,0.6,0.2,"TC",17.1592825514186
60,0.8,0.2,"TC",16.263432217345
60,0.6,0.2,"TC",15.9880227112876
75,0.7,0.2,"TC",14.4551862767757
90,0.8,0.2,"TC",19.3442628286009
90,0.6,0.2,"TC",17.1934079009692
60,0.8,0.2,"TC",16.1478564344323
60,0.6,0.2,"TC",12.0779258675058
75,0.7,0.2,"TC",11.9965692856341
90,0.8,0.2,"TC",18.5933011360369
90,0.6,0.2,"TC",16.4252661668886
60,0.8,0.2,"TC",18.7561348610267
60,0.6,0.2,"TC",12.9707400052284
75,0.7,0.2,"TC",14.900535814684
90,0.8,0.2,"TC",18.6860199432841
90,0.6,0.2,"TC",12.3467011763353
60,0.8,0.2,"TC",18.5865141885672
60,0.6,0.2,"TC",10.4175790507549
75,0.7,0.2,"TC",11.0319218615887
90,0.8,0.2,"TC",26.6629145596381
90,0.6,0.2,"TC",14.9289330905193
60,0.8,0.2,"TC",17.4058172895645
60,0.6,0.2,"TC",17.669385960329
75,0.7,0.2,"TC",11.9005480060097
90,0.8,0.2,"TC",18.7521707142084
90,0.6,0.2,"TC",21.5125515833339
60,0.8,0.2,"TC",17.765111751131
60,0.6,0.2,"TC",10.5996496146572
75,0.7,0.2,"TC",17.1253146757221
90,0.8,0.2,"TC",22.1288088720742
90,0.6,0.2,"TC",17.3090318894893
60,0.8,0.2,"TC",17.9210506952364
60,0.6,0.2,"TC",13.8979271861266
75,0.7,0.2,"TC",16.9430809357193
90,0.8,0.2,"TC",18.886752859956
90,0.6,0.2,"TC",16.6969223376516
60,0.8,0.2,"TC",21.4023356290811
60,0.6,0.2,"TC",17.6161328363855
75,0.7,0.2,"TC",16.2511626963084
90,0.8,0.2,"TC",17.8703759837287
90,0.6,0.2,"TC",13.0070522873269
60,0.8,0.2,"TC",20.1164703386709
60,0.6,0.2,"TC",15.0931033256326
75,0.7,0.2,"TC",16.4169549644433
90,0.8,0.2,"TC",24.1344733356645
90,0.6,0.2,"TC",14.6085755731168
60,0.8,0.2,"TC",15.1529434608999
60,0.6,0.2,"TC",13.4305456242519
75,0.7,0.2,"TC",12.1950795045792
90,0.8,0.2,"TC",17.0702416382526
90,0.6,0.2,"TC",18.0316609665702
60,0.8,0.2,"TC",23.3763490875829
60,0.6,0.2,"TC",16.140686133373
75,0.7,0.2,"TC",22.1924133487894
90,0.8,0.2,"TC",17.8673556510875
90,0.6,0.2,"TC",18.5037589110789
60,0.8,0.2,"TC",17.43029686141
60,0.6,0.2,"TC",11.8160054494492
75,0.7,0.2,"TC",13.6599858161627
90,0.8,0.2,"TC",21.4065405701229
90,0.6,0.2,"TC",16.8911067283239
60,0.8,0.2,"TC",14.1010117045187
60,0.6,0.2,"TC",11.2136478982715
75,0.7,0.2,"TC",9.02013277481721
90,0.8,0.2,"TC",19.6456260761398
90,0.6,0.2,"TC",19.8133355128598
60,0.8,0.2,"TC",19.968768848144
60,0.6,0.2,"TC",15.641465103253
75,0.7,0.2,"TC",13.6866228232799
90,0.8,0.2,"TC",17.1481889474386
90,0.6,0.2,"TC",17.0641599353454
60,0.8,0.2,"TC",13.8870693021156
60,0.6,0.2,"TC",15.8606815248396
75,0.7,0.2,"TC",6.44965773285143
90,0.8,0.2,"TC",20.0566967779533
90,0.6,0.2,"TC",15.1836432729076
60,0.8,0.2,"TC",23.0886074377932
60,0.6,0.2,"TC",18.3873084549416
75,0.7,0.2,"TC",14.9185798722616
90,0.8,0.2,"TC",16.8528501558439
90,0.6,0.2,"TC",15.9638875379968
60,0.8,0.2,"TC",22.288937301064
60,0.6,0.2,"TC",13.6773638988165
75,0.7,0.2,"TC",16.641132351218
90,0.8,0.2,"TC",18.3400577562856
90,0.6,0.2,"TC",16.2816639552471
