"Prev.Size","Prev.Length","Tile.Size","Top.Row","Browse.Time"
0.4146889,80,0.2,"TC",20.3108628295813
0.6146889,80,0.2,"TC",12.675019632651
0.4146889,110,0.2,"TC",19.2047505820118
0.6146889,110,0.2,"TC",17.3503469868965
0.4146889,80,0.2,"TC",22.4718957806812
0.6146889,80,0.2,"TC",11.418791042234
0.4146889,110,0.2,"TC",22.0125346308064
0.6146889,110,0.2,"TC",15.3800123938631
0.4146889,80,0.2,"TC",19.1526187344233
0.6146889,80,0.2,"TC",14.4859646401305
0.4146889,110,0.2,"TC",24.0281687555457
0.6146889,110,0.2,"TC",19.6286967106212
0.4146889,80,0.2,"TC",20.6083355550722
0.6146889,80,0.2,"TC",13.6272938810331
0.4146889,110,0.2,"TC",17.4517506028525
0.6146889,110,0.2,"TC",21.9527685873387
0.4146889,80,0.2,"TC",22.7547126814396
0.6146889,80,0.2,"TC",15.1436289353376
0.4146889,110,0.2,"TC",21.1084709038093
0.6146889,110,0.2,"TC",12.6047643095363
0.4146889,80,0.2,"TC",21.8715402346595
0.6146889,80,0.2,"TC",20.4908955643064
0.4146889,110,0.2,"TC",17.3706394673828
0.6146889,110,0.2,"TC",14.899378330678
0.4146889,80,0.2,"TC",23.3185440190828
0.6146889,80,0.2,"TC",12.2520897895114
0.4146889,110,0.2,"TC",18.1041421042255
0.6146889,110,0.2,"TC",13.2010775644637
0.4146889,80,0.2,"TC",22.147657778252
0.6146889,80,0.2,"TC",12.6737473926457
0.4146889,110,0.2,"TC",20.6324775883441
0.6146889,110,0.2,"TC",13.7850202868294
0.4146889,80,0.2,"TC",16.2212265888728
0.6146889,80,0.2,"TC",15.2240355416726
0.4146889,110,0.2,"TC",16.4755431438103
0.6146889,110,0.2,"TC",17.3603141570239
0.4146889,80,0.2,"TC",18.8669606341358
0.6146889,80,0.2,"TC",16.1669225734142
0.4146889,110,0.2,"TC",18.2440069083594
0.6146889,110,0.2,"TC",16.6181218923657
0.4146889,80,0.2,"TC",15.1330089429596
0.6146889,80,0.2,"TC",18.5433104702341
0.4146889,110,0.2,"TC",26.0510786233702
0.6146889,110,0.2,"TC",16.4413071473401
0.4146889,80,0.2,"TC",20.0650233746261
0.6146889,80,0.2,"TC",13.8568375999284
0.4146889,110,0.2,"TC",20.5872867594488
0.6146889,110,0.2,"TC",20.1715070491233
0.4146889,80,0.2,"TC",21.5328391156062
0.6146889,80,0.2,"TC",12.1352600350577
0.4146889,110,0.2,"TC",22.3434997359625
0.6146889,110,0.2,"TC",17.3273241777371
0.4146889,80,0.2,"TC",16.0515968613623
0.6146889,80,0.2,"TC",18.6078803538926
0.4146889,110,0.2,"TC",17.886728469856
0.6146889,110,0.2,"TC",18.2785379676275
0.4146889,80,0.2,"TC",17.9231856989199
0.6146889,80,0.2,"TC",19.0316816656369
0.4146889,110,0.2,"TC",19.169918832098
0.6146889,110,0.2,"TC",17.293600389611
0.4146889,80,0.2,"TC",18.1047209835534
0.6146889,80,0.2,"TC",17.8519602777803
0.4146889,110,0.2,"TC",10.9345698542994
0.6146889,110,0.2,"TC",22.2396777690517
0.4146889,80,0.2,"TC",19.9142767497059
0.6146889,80,0.2,"TC",20.2824935890112
0.4146889,110,0.2,"TC",15.7385871673743
0.6146889,110,0.2,"TC",19.3527031892754
0.4146889,80,0.2,"TC",15.246294438995
0.6146889,80,0.2,"TC",22.3092713313635
0.4146889,110,0.2,"TC",21.7377097479745
0.6146889,110,0.2,"TC",17.8987227442636
0.4146889,80,0.2,"TC",13.5279343838865
0.6146889,80,0.2,"TC",19.9008838068948
0.4146889,110,0.2,"TC",19.2569990748257
0.6146889,110,0.2,"TC",18.9502512023639
0.4146889,80,0.2,"TC",21.6674056695315
0.6146889,80,0.2,"TC",14.4526925627324
0.4146889,110,0.2,"TC",17.9662242819606
0.6146889,110,0.2,"TC",18.4430347479705
0.4146889,80,0.2,"TC",15.3144655278262
0.6146889,80,0.2,"TC",16.2831191391885
0.4146889,110,0.2,"TC",15.8665604680712
0.6146889,110,0.2,"TC",18.0230404293982
0.4146889,80,0.2,"TC",14.7017499975274
0.6146889,80,0.2,"TC",16.6328425662384
0.4146889,110,0.2,"TC",21.1605231688839
0.6146889,110,0.2,"TC",11.6439261020956
0.4146889,80,0.2,"TC",16.2253015814653
0.6146889,80,0.2,"TC",20.6218952923465
0.4146889,110,0.2,"TC",19.1024953986652
0.6146889,110,0.2,"TC",20.123419074164
0.4146889,80,0.2,"TC",19.4745826336302
0.6146889,80,0.2,"TC",13.8336544280371
0.4146889,110,0.2,"TC",15.3653552936047
0.6146889,110,0.2,"TC",15.8526324540485
0.4146889,80,0.2,"TC",20.7593473521056
0.6146889,80,0.2,"TC",10.880349176286
0.4146889,110,0.2,"TC",19.7400785227882
0.6146889,110,0.2,"TC",21.8824750717067
0.4146889,80,0.2,"TC",18.870955401449
0.6146889,80,0.2,"TC",19.0988901304233
0.4146889,110,0.2,"TC",19.8054043959127
0.6146889,110,0.2,"TC",24.6844857911478
0.4146889,80,0.2,"TC",14.7693542368512
0.6146889,80,0.2,"TC",17.4411705085051
0.4146889,110,0.2,"TC",24.4406172167656
0.6146889,110,0.2,"TC",17.0524230340125
0.4146889,80,0.2,"TC",17.8024500853604
0.6146889,80,0.2,"TC",19.3520424950852
0.4146889,110,0.2,"TC",24.0780812007554
0.6146889,110,0.2,"TC",15.4874732807648
0.4146889,80,0.2,"TC",19.613760899441
0.6146889,80,0.2,"TC",13.7435852950493
0.4146889,110,0.2,"TC",20.301402266149
0.6146889,110,0.2,"TC",15.9136624418589
0.4146889,80,0.2,"TC",16.0642222090674
0.6146889,80,0.2,"TC",12.1800720602749
0.4146889,110,0.2,"TC",19.7940945045083
0.6146889,110,0.2,"TC",16.7816342543785
0.4146889,80,0.2,"TC",20.0736196744219
0.6146889,80,0.2,"TC",14.8876890473243
0.4146889,110,0.2,"TC",19.6764541931366
0.6146889,110,0.2,"TC",14.5227127571283
0.4146889,80,0.2,"TC",24.6886574112677
0.6146889,80,0.2,"TC",19.7122638043346
0.4146889,110,0.2,"TC",20.6087511917819
0.6146889,110,0.2,"TC",11.8322465795793
0.4146889,80,0.2,"TC",24.099832014615
0.6146889,80,0.2,"TC",14.2209048235388
0.4146889,110,0.2,"TC",22.4965691649013
0.6146889,110,0.2,"TC",18.5085096354768
0.4146889,80,0.2,"TC",11.1257224877121
0.6146889,80,0.2,"TC",14.9351027751338
0.4146889,110,0.2,"TC",20.1424276582396
0.6146889,110,0.2,"TC",23.7873711860373
0.4146889,80,0.2,"TC",19.6822794713372
0.6146889,80,0.2,"TC",12.7679767991332
0.4146889,110,0.2,"TC",20.7046424559937
0.6146889,110,0.2,"TC",19.2563592293044
0.4146889,80,0.2,"TC",15.5925588394649
0.6146889,80,0.2,"TC",16.236221781739
0.4146889,110,0.2,"TC",23.1649478323471
0.6146889,110,0.2,"TC",18.6599973237712
0.4146889,80,0.2,"TC",18.3813601037312
0.6146889,80,0.2,"TC",20.8500510022136
0.4146889,110,0.2,"TC",22.3848752914141
0.6146889,110,0.2,"TC",12.5731739403062
0.4146889,80,0.2,"TC",19.9847647874166
0.6146889,80,0.2,"TC",21.5636044767327
0.4146889,110,0.2,"TC",20.5914727446102
0.6146889,110,0.2,"TC",18.9761333883791
0.4146889,80,0.2,"TC",19.0775842004529
0.6146889,80,0.2,"TC",15.3735482997937
0.4146889,110,0.2,"TC",20.6914556521693
0.6146889,110,0.2,"TC",16.6396308084249
0.4146889,80,0.2,"TC",25.4845182331261
0.6146889,80,0.2,"TC",17.5020651601201
0.4146889,110,0.2,"TC",18.8188086183138
0.6146889,110,0.2,"TC",11.8937833640899
0.4146889,80,0.2,"TC",18.3510445927105
0.6146889,80,0.2,"TC",15.5954861599862
0.4146889,110,0.2,"TC",18.1262253049706
0.6146889,110,0.2,"TC",16.2338535869445
0.4146889,80,0.2,"TC",21.0886309281148
0.6146889,80,0.2,"TC",11.6702674787908
0.4146889,110,0.2,"TC",22.9542192420496
0.6146889,110,0.2,"TC",18.1387533784767
0.4146889,80,0.2,"TC",14.0247443223091
0.6146889,80,0.2,"TC",16.0717558357294
0.4146889,110,0.2,"TC",15.637171052092
0.6146889,110,0.2,"TC",20.4860008706348
0.4146889,80,0.2,"TC",19.217857840407
0.6146889,80,0.2,"TC",14.397004744003
0.4146889,110,0.2,"TC",23.1413169783903
0.6146889,110,0.2,"TC",22.5081720578228
0.4146889,80,0.2,"TC",15.2719154145181
0.6146889,80,0.2,"TC",11.8848662665004
0.4146889,110,0.2,"TC",20.0247379640342
0.6146889,110,0.2,"TC",19.8597519815029
0.4146889,80,0.2,"TC",19.0303401273009
0.6146889,80,0.2,"TC",21.3074740904362
0.4146889,110,0.2,"TC",20.8671649730627
0.6146889,110,0.2,"TC",19.0613825659407
0.4146889,80,0.2,"TC",17.6059471467417
0.6146889,80,0.2,"TC",15.6886837647526
0.4146889,110,0.2,"TC",24.7306131705124
0.6146889,110,0.2,"TC",15.9549915917606
0.4146889,80,0.2,"TC",20.7415870320922
0.6146889,80,0.2,"TC",14.1799956894295
0.4146889,110,0.2,"TC",19.2652866674764
0.6146889,110,0.2,"TC",16.0879314347532
0.4146889,80,0.2,"TC",16.7731127670464
0.6146889,80,0.2,"TC",15.0687450704345
0.4146889,110,0.2,"TC",22.3047992999649
0.6146889,110,0.2,"TC",15.8604867879658
0.4146889,80,0.2,"TC",19.7623012123211
0.6146889,80,0.2,"TC",16.1641081117922
0.4146889,110,0.2,"TC",18.0633257890213
0.6146889,110,0.2,"TC",14.5949203831601
0.4146889,80,0.2,"TC",18.8412101170315
0.6146889,80,0.2,"TC",13.1358957294273
0.4146889,110,0.2,"TC",22.0440468417999
0.6146889,110,0.2,"TC",18.4794619879409
0.4146889,80,0.2,"TC",22.8958404452159
0.6146889,80,0.2,"TC",14.9748019544177
0.4146889,110,0.2,"TC",18.5126533329593
0.6146889,110,0.2,"TC",18.4520212133869
0.4146889,80,0.2,"TC",23.0813913080528
0.6146889,80,0.2,"TC",17.3698489870165
0.4146889,110,0.2,"TC",19.7555696504841
0.6146889,110,0.2,"TC",15.4392319663808
0.4146889,80,0.2,"TC",22.735826538488
0.6146889,80,0.2,"TC",18.3311152137336
0.4146889,110,0.2,"TC",13.1512515535281
0.6146889,110,0.2,"TC",17.8759945486607
0.4146889,80,0.2,"TC",21.9750435657076
0.6146889,80,0.2,"TC",11.4423720626371
0.4146889,110,0.2,"TC",20.5376321145924
0.6146889,110,0.2,"TC",20.0636704194811
0.4146889,80,0.2,"TC",17.5341494695195
0.6146889,80,0.2,"TC",14.617655128788
0.4146889,110,0.2,"TC",19.9336342926782
0.6146889,110,0.2,"TC",17.1165929349784
0.4146889,80,0.2,"TC",15.0984609025566
0.6146889,80,0.2,"TC",17.126146661191
0.4146889,110,0.2,"TC",19.389062522421
0.6146889,110,0.2,"TC",20.2076971121151
0.4146889,80,0.2,"TC",24.4953378357976
0.6146889,80,0.2,"TC",18.5332329453871
0.4146889,110,0.2,"TC",21.2205175524192
0.6146889,110,0.2,"TC",14.9904366480913
0.4146889,80,0.2,"TC",19.6768614281075
0.6146889,80,0.2,"TC",16.7896328270999
0.4146889,110,0.2,"TC",16.8262408963481
0.6146889,110,0.2,"TC",19.8994705740721
0.4146889,80,0.2,"TC",18.95812807203
0.6146889,80,0.2,"TC",15.68711417441
0.4146889,110,0.2,"TC",20.6586027077124
0.6146889,110,0.2,"TC",17.9404362368115
0.4146889,80,0.2,"TC",16.0771719436346
0.6146889,80,0.2,"TC",18.9830142212095
0.4146889,110,0.2,"TC",18.8976192503551
0.6146889,110,0.2,"TC",14.9460105437993
0.4146889,80,0.2,"TC",16.6087748400833
0.6146889,80,0.2,"TC",16.6568376270346
0.4146889,110,0.2,"TC",19.9304693471284
0.6146889,110,0.2,"TC",24.619568005579
0.4146889,80,0.2,"TC",19.1255987042084
0.6146889,80,0.2,"TC",19.9228889757864
0.4146889,110,0.2,"TC",13.6849068375145
0.6146889,110,0.2,"TC",17.0489411384208
0.4146889,80,0.2,"TC",18.6350953003856
0.6146889,80,0.2,"TC",15.9563584320647
0.4146889,110,0.2,"TC",22.9451391184411
0.6146889,110,0.2,"TC",22.5220796300657
0.4146889,80,0.2,"TC",20.6178383209165
0.6146889,80,0.2,"TC",15.5927219436117
0.4146889,110,0.2,"TC",18.3415228911612
0.6146889,110,0.2,"TC",16.820023336897
0.4146889,80,0.2,"TC",16.1797130081026
0.6146889,80,0.2,"TC",18.3991504882166
0.4146889,110,0.2,"TC",20.658054659703
0.6146889,110,0.2,"TC",16.3542727249177
0.4146889,80,0.2,"TC",19.929458578797
0.6146889,80,0.2,"TC",18.4679607528564
0.4146889,110,0.2,"TC",18.7556180817631
0.6146889,110,0.2,"TC",19.0755865433992
0.4146889,80,0.2,"TC",18.8329152310233
0.6146889,80,0.2,"TC",15.7125034595046
0.4146889,110,0.2,"TC",21.434531064585
0.6146889,110,0.2,"TC",18.187184103472
0.4146889,80,0.2,"TC",17.4101991675236
0.6146889,80,0.2,"TC",15.5855628585716
0.4146889,110,0.2,"TC",19.9285759764116
0.6146889,110,0.2,"TC",16.3941202196234
0.4146889,80,0.2,"TC",18.1449430268518
0.6146889,80,0.2,"TC",12.3082790843333
0.4146889,110,0.2,"TC",21.6225946461987
0.6146889,110,0.2,"TC",19.4846671828818
0.4146889,80,0.2,"TC",23.3232163906424
0.6146889,80,0.2,"TC",13.817153863462
0.4146889,110,0.2,"TC",19.9434928247448
0.6146889,110,0.2,"TC",16.5388092557399
0.4146889,80,0.2,"TC",16.8986097464885
0.6146889,80,0.2,"TC",18.7446999866928
0.4146889,110,0.2,"TC",20.0386916183498
0.6146889,110,0.2,"TC",17.1645101149263
0.4146889,80,0.2,"TC",20.1034650954841
0.6146889,80,0.2,"TC",16.1346732299561
0.4146889,110,0.2,"TC",19.6871028503539
0.6146889,110,0.2,"TC",16.7881472223642
0.4146889,80,0.2,"TC",19.7158657310441
0.6146889,80,0.2,"TC",16.9151554819459
0.4146889,110,0.2,"TC",20.1908128165791
0.6146889,110,0.2,"TC",14.8540453532506
0.4146889,80,0.2,"TC",13.3503630398293
0.6146889,80,0.2,"TC",15.6839084237035
0.4146889,110,0.2,"TC",17.8178276416661
0.6146889,110,0.2,"TC",14.1660423227297
0.4146889,80,0.2,"TC",16.9290437525982
0.6146889,80,0.2,"TC",14.7449648334258
0.4146889,110,0.2,"TC",18.1234864530921
0.6146889,110,0.2,"TC",11.7568495734417
0.4146889,80,0.2,"TC",19.218070233391
0.6146889,80,0.2,"TC",13.6434181137105
0.4146889,110,0.2,"TC",20.7229572808318
0.6146889,110,0.2,"TC",20.6906188684299
0.4146889,80,0.2,"TC",14.5404151868877
0.6146889,80,0.2,"TC",13.6902643827381
0.4146889,110,0.2,"TC",20.382495083555
0.6146889,110,0.2,"TC",20.613344092748
0.4146889,80,0.2,"TC",19.370813153463
0.6146889,80,0.2,"TC",10.8719482466266
0.4146889,110,0.2,"TC",16.9555466672685
0.6146889,110,0.2,"TC",19.8569289890059
0.4146889,80,0.2,"TC",18.0561137877802
0.6146889,80,0.2,"TC",21.5164448217594
0.4146889,110,0.2,"TC",27.4757112500892
0.6146889,110,0.2,"TC",20.3859731432908
0.4146889,80,0.2,"TC",20.1883573727993
0.6146889,80,0.2,"TC",16.8268895195777
0.4146889,110,0.2,"TC",22.3051720333067
0.6146889,110,0.2,"TC",19.1524440969705
0.4146889,80,0.2,"TC",22.7959731407339
0.6146889,80,0.2,"TC",17.9331412839323
0.4146889,110,0.2,"TC",18.814176706432
0.6146889,110,0.2,"TC",17.8159421974293
0.4146889,80,0.2,"TC",19.9557148066723
0.6146889,80,0.2,"TC",14.6694007241894
0.4146889,110,0.2,"TC",19.338227999116
0.6146889,110,0.2,"TC",22.8850393848384
0.4146889,80,0.2,"TC",21.8017325226065
0.6146889,80,0.2,"TC",16.3070330678206
0.4146889,110,0.2,"TC",20.8167846970969
0.6146889,110,0.2,"TC",18.0884334637905
0.4146889,80,0.2,"TC",21.8718370130312
0.6146889,80,0.2,"TC",13.817259420591
0.4146889,110,0.2,"TC",18.4084831753239
0.6146889,110,0.2,"TC",18.4915338322929
0.4146889,80,0.2,"TC",20.2718395345438
0.6146889,80,0.2,"TC",12.288933270354
0.4146889,110,0.2,"TC",18.3294921966429
0.6146889,110,0.2,"TC",22.1358745271079
0.4146889,80,0.2,"TC",21.5197461596881
0.6146889,80,0.2,"TC",15.2681844093915
0.4146889,110,0.2,"TC",15.7706865923699
0.6146889,110,0.2,"TC",12.5125177776249
0.4146889,80,0.2,"TC",16.9303249733058
0.6146889,80,0.2,"TC",18.6342214883439
0.4146889,110,0.2,"TC",18.39129654569
0.6146889,110,0.2,"TC",19.8203322858986
0.4146889,80,0.2,"TC",18.7183693289509
0.6146889,80,0.2,"TC",14.6432244988058
0.4146889,110,0.2,"TC",23.8054100460588
0.6146889,110,0.2,"TC",13.891436051122
0.4146889,80,0.2,"TC",17.8716408361787
0.6146889,80,0.2,"TC",15.6769420064233
0.4146889,110,0.2,"TC",22.9521847336671
0.6146889,110,0.2,"TC",18.4019709844492
0.4146889,80,0.2,"TC",16.1117996815615
0.6146889,80,0.2,"TC",19.7873329856243
0.4146889,110,0.2,"TC",13.8713372891704
0.6146889,110,0.2,"TC",15.9471600224337
0.4146889,80,0.2,"TC",18.6391447371636
0.6146889,80,0.2,"TC",17.1773880375603
0.4146889,110,0.2,"TC",26.5858730746885
0.6146889,110,0.2,"TC",20.276277483544
0.4146889,80,0.2,"TC",22.0668251960445
0.6146889,80,0.2,"TC",17.8070252713798
0.4146889,110,0.2,"TC",18.6649510490641
0.6146889,110,0.2,"TC",14.577713248973
0.4146889,80,0.2,"TC",17.4515364602909
0.6146889,80,0.2,"TC",13.1435222941748
0.4146889,110,0.2,"TC",16.3584861928187
0.6146889,110,0.2,"TC",19.178681351383
0.4146889,80,0.2,"TC",19.1620245910656
0.6146889,80,0.2,"TC",14.2804319333928
0.4146889,110,0.2,"TC",17.879200221804
0.6146889,110,0.2,"TC",17.3293472305839
0.4146889,80,0.2,"TC",18.4060764811356
0.6146889,80,0.2,"TC",15.3740690128641
0.4146889,110,0.2,"TC",18.8727775981451
0.6146889,110,0.2,"TC",18.476008861051
0.4146889,80,0.2,"TC",21.1167515548899
0.6146889,80,0.2,"TC",19.3231305434846
0.4146889,110,0.2,"TC",13.8518944219822
0.6146889,110,0.2,"TC",14.4292984103345
0.4146889,80,0.2,"TC",18.014031615647
0.6146889,80,0.2,"TC",16.4663108767195
0.4146889,110,0.2,"TC",21.135860632872
0.6146889,110,0.2,"TC",15.9645188149803
0.4146889,80,0.2,"TC",21.4571259879419
0.6146889,80,0.2,"TC",15.8852116227724
0.4146889,110,0.2,"TC",16.5177013899162
0.6146889,110,0.2,"TC",15.2387877509652
0.4146889,80,0.2,"TC",23.139383220296
0.6146889,80,0.2,"TC",14.13730052007
0.4146889,110,0.2,"TC",23.0732174812151
0.6146889,110,0.2,"TC",22.5392583949682
0.4146889,80,0.2,"TC",20.5106009685701
0.6146889,80,0.2,"TC",18.0964074820107
0.4146889,110,0.2,"TC",25.9536326723852
0.6146889,110,0.2,"TC",14.6431049557286
0.4146889,80,0.2,"TC",12.0085368474201
0.6146889,80,0.2,"TC",14.9764052610614
0.4146889,110,0.2,"TC",18.5399187861909
0.6146889,110,0.2,"TC",24.5898795835192
0.4146889,80,0.2,"TC",15.6920073079838
0.6146889,80,0.2,"TC",20.4589139571368
0.4146889,110,0.2,"TC",15.9639712283158
0.6146889,110,0.2,"TC",17.7134569527827
0.4146889,80,0.2,"TC",19.7567456201831
0.6146889,80,0.2,"TC",16.9452788341102
0.4146889,110,0.2,"TC",22.3490671591627
0.6146889,110,0.2,"TC",23.8093722487564
0.4146889,80,0.2,"TC",15.2895008167158
0.6146889,80,0.2,"TC",11.3498196012283
0.4146889,110,0.2,"TC",17.5690106778148
0.6146889,110,0.2,"TC",19.488453872216
0.4146889,80,0.2,"TC",16.6179665307704
0.6146889,80,0.2,"TC",16.853317621914
0.4146889,110,0.2,"TC",21.5716537412751
0.6146889,110,0.2,"TC",18.2600729538135
0.4146889,80,0.2,"TC",18.3003600600097
0.6146889,80,0.2,"TC",15.2157195712997
0.4146889,110,0.2,"TC",18.6311652326491
0.6146889,110,0.2,"TC",18.3280343796434
0.4146889,80,0.2,"TC",17.0004876246308
0.6146889,80,0.2,"TC",16.8709811117147
0.4146889,110,0.2,"TC",23.5250403793075
0.6146889,110,0.2,"TC",14.9174617725709
0.4146889,80,0.2,"TC",22.1066921152209
0.6146889,80,0.2,"TC",16.4062987632626
0.4146889,110,0.2,"TC",17.0542077347464
0.6146889,110,0.2,"TC",18.5911771575009
0.4146889,80,0.2,"TC",20.6106835683325
0.6146889,80,0.2,"TC",12.7508518497228
0.4146889,110,0.2,"TC",20.2057898554279
0.6146889,110,0.2,"TC",23.4922854369009
0.4146889,80,0.2,"TC",11.7774255734394
0.6146889,80,0.2,"TC",7.88194978097954
0.4146889,110,0.2,"TC",10.8672263026381
0.6146889,110,0.2,"TC",14.7189678703334
0.4146889,80,0.2,"TC",20.3813304371784
0.6146889,80,0.2,"TC",12.604812506153
0.4146889,110,0.2,"TC",22.1342767883755
0.6146889,110,0.2,"TC",14.5768886278625
0.4146889,80,0.2,"TC",24.9851680352449
0.6146889,80,0.2,"TC",14.2226143887291
0.4146889,110,0.2,"TC",20.8788220869344
0.6146889,110,0.2,"TC",18.1018174120938
0.4146889,80,0.2,"TC",14.3182508242005
0.6146889,80,0.2,"TC",14.8941055416555
0.4146889,110,0.2,"TC",19.6597906984026
0.6146889,110,0.2,"TC",17.4523243386413
0.4146889,80,0.2,"TC",18.0017482143493
0.6146889,80,0.2,"TC",17.648738103708
0.4146889,110,0.2,"TC",22.5067740960609
0.6146889,110,0.2,"TC",15.7904619598184
0.4146889,80,0.2,"TC",18.6635469202911
0.6146889,80,0.2,"TC",17.5646614933675
0.4146889,110,0.2,"TC",14.573848097286
0.6146889,110,0.2,"TC",21.6521232542335
0.4146889,80,0.2,"TC",17.5600760430717
0.6146889,80,0.2,"TC",14.0683266897676
0.4146889,110,0.2,"TC",19.8450118956033
0.6146889,110,0.2,"TC",19.7964852127519
0.4146889,80,0.2,"TC",21.651218270399
0.6146889,80,0.2,"TC",15.4238464592347
0.4146889,110,0.2,"TC",17.1363565600363
0.6146889,110,0.2,"TC",11.1205456241413
0.4146889,80,0.2,"TC",17.3049186949253
0.6146889,80,0.2,"TC",18.3246419438824
0.4146889,110,0.2,"TC",17.603648825942
0.6146889,110,0.2,"TC",13.9492083334194
0.4146889,80,0.2,"TC",22.6316169132962
0.6146889,80,0.2,"TC",15.8821154916339
0.4146889,110,0.2,"TC",19.5695743144672
0.6146889,110,0.2,"TC",23.3302259832725
0.4146889,80,0.2,"TC",20.3209981099411
0.6146889,80,0.2,"TC",12.0561884252824
0.4146889,110,0.2,"TC",16.6991102554879
0.6146889,110,0.2,"TC",19.681861449703
0.4146889,80,0.2,"TC",18.6120713303048
0.6146889,80,0.2,"TC",17.1264275643027
0.4146889,110,0.2,"TC",19.7259616862942
0.6146889,110,0.2,"TC",14.2684206822896
0.4146889,80,0.2,"TC",18.4286762890281
0.6146889,80,0.2,"TC",14.5989538498921
0.4146889,110,0.2,"TC",18.8292628448471
0.6146889,110,0.2,"TC",18.8068497002538
0.4146889,80,0.2,"TC",22.0714133709147
0.6146889,80,0.2,"TC",16.9031977577772
0.4146889,110,0.2,"TC",17.6185922952643
0.6146889,110,0.2,"TC",17.1575784976924
0.4146889,80,0.2,"TC",17.0840369977257
0.6146889,80,0.2,"TC",12.8910880219086
0.4146889,110,0.2,"TC",18.577873080741
0.6146889,110,0.2,"TC",16.6663140976404
0.4146889,80,0.2,"TC",13.5520543974477
0.6146889,80,0.2,"TC",13.8946721147148
0.4146889,110,0.2,"TC",19.941147137179
0.6146889,110,0.2,"TC",15.7903024599987
0.4146889,80,0.2,"TC",22.669886729135
0.6146889,80,0.2,"TC",11.1508360219189
0.4146889,110,0.2,"TC",18.2800231043005
0.6146889,110,0.2,"TC",14.5555551245471
0.4146889,80,0.2,"TC",17.1981691076781
0.6146889,80,0.2,"TC",17.8211399988113
0.4146889,110,0.2,"TC",20.8928304922144
0.6146889,110,0.2,"TC",19.6724123596614
0.4146889,80,0.2,"TC",11.7549312329103
0.6146889,80,0.2,"TC",20.5000504867833
0.4146889,110,0.2,"TC",16.6080938339563
0.6146889,110,0.2,"TC",20.8439602515871
0.4146889,80,0.2,"TC",18.9307582775325
0.6146889,80,0.2,"TC",17.5667839308137
0.4146889,110,0.2,"TC",21.5793998430917
0.6146889,110,0.2,"TC",18.104698853177
0.4146889,80,0.2,"TC",19.9276385361985
0.6146889,80,0.2,"TC",19.1780357815614
0.4146889,110,0.2,"TC",16.9792648621435
0.6146889,110,0.2,"TC",18.3329223812846
0.4146889,80,0.2,"TC",18.6558772001043
0.6146889,80,0.2,"TC",11.1995264400344
0.4146889,110,0.2,"TC",14.6836709318313
0.6146889,110,0.2,"TC",15.7831527773692
0.4146889,80,0.2,"TC",16.0304570105652
0.6146889,80,0.2,"TC",15.8718352698155
0.4146889,110,0.2,"TC",19.8946271999794
0.6146889,110,0.2,"TC",10.7174059028564
0.4146889,80,0.2,"TC",17.1529304608802
0.6146889,80,0.2,"TC",17.8450840837356
0.4146889,110,0.2,"TC",19.0252620473335
0.6146889,110,0.2,"TC",20.5542021051274
0.4146889,80,0.2,"TC",20.0192079937297
0.6146889,80,0.2,"TC",13.2532043356653
0.4146889,110,0.2,"TC",15.2674354808228
0.6146889,110,0.2,"TC",15.4216898924294
0.4146889,80,0.2,"TC",22.6546111208377
0.6146889,80,0.2,"TC",14.0241419173843
0.4146889,110,0.2,"TC",18.6225275132878
0.6146889,110,0.2,"TC",19.0189394068125
0.4146889,80,0.2,"TC",13.8462955577069
0.6146889,80,0.2,"TC",10.6274019279444
0.4146889,110,0.2,"TC",19.2259456077773
0.6146889,110,0.2,"TC",24.538352167373
0.4146889,80,0.2,"TC",22.2296974962129
0.6146889,80,0.2,"TC",22.611319582278
0.4146889,110,0.2,"TC",21.9369764209133
0.6146889,110,0.2,"TC",15.0932545098754
0.4146889,80,0.2,"TC",19.2926601525307
0.6146889,80,0.2,"TC",16.7620106501723
0.4146889,110,0.2,"TC",23.3057257344015
0.6146889,110,0.2,"TC",20.1146246974006
0.4146889,80,0.2,"TC",22.5746325434421
0.6146889,80,0.2,"TC",10.6546292061044
0.4146889,110,0.2,"TC",20.3847890053338
0.6146889,110,0.2,"TC",18.4654813565782
0.4146889,80,0.2,"TC",18.3299644762122
0.6146889,80,0.2,"TC",16.4710254915442
0.4146889,110,0.2,"TC",21.1687558514151
0.6146889,110,0.2,"TC",18.157044936384
0.4146889,80,0.2,"TC",16.9139660284087
0.6146889,80,0.2,"TC",14.9874217751305
0.4146889,110,0.2,"TC",19.0862016036285
0.6146889,110,0.2,"TC",19.693061596702
0.4146889,80,0.2,"TC",21.7718434844454
0.6146889,80,0.2,"TC",16.0669352763018
0.4146889,110,0.2,"TC",17.5529130169616
0.6146889,110,0.2,"TC",18.4080338289843
0.4146889,80,0.2,"TC",20.6065389404853
0.6146889,80,0.2,"TC",16.7490160457739
0.4146889,110,0.2,"TC",23.5678278581538
0.6146889,110,0.2,"TC",17.6042682481199
0.4146889,80,0.2,"TC",19.0050820689777
0.6146889,80,0.2,"TC",18.9366685846258
0.4146889,110,0.2,"TC",16.5468101039353
0.6146889,110,0.2,"TC",19.1112372821953
0.4146889,80,0.2,"TC",17.070804148314
0.6146889,80,0.2,"TC",19.664927627948
0.4146889,110,0.2,"TC",16.2574802770811
0.6146889,110,0.2,"TC",15.6353508415454
0.4146889,80,0.2,"TC",14.2991333790065
0.6146889,80,0.2,"TC",8.23954754446481
0.4146889,110,0.2,"TC",20.6871736905299
0.6146889,110,0.2,"TC",11.8378988183181
0.4146889,80,0.2,"TC",22.6344133068752
0.6146889,80,0.2,"TC",8.8494122775284
0.4146889,110,0.2,"TC",20.8641345714882
0.6146889,110,0.2,"TC",20.492979798205
0.4146889,80,0.2,"TC",19.563102576647
0.6146889,80,0.2,"TC",15.5433403796017
0.4146889,110,0.2,"TC",25.8382427437106
0.6146889,110,0.2,"TC",12.7688123569425
0.4146889,80,0.2,"TC",15.5036605041251
0.6146889,80,0.2,"TC",22.3206031507933
0.4146889,110,0.2,"TC",20.8849171040495
0.6146889,110,0.2,"TC",13.2763225806991
0.4146889,80,0.2,"TC",15.438574579708
0.6146889,80,0.2,"TC",11.9524554522068
0.4146889,110,0.2,"TC",18.912334261825
0.6146889,110,0.2,"TC",20.8470259309446
0.4146889,80,0.2,"TC",22.3940106653266
0.6146889,80,0.2,"TC",13.3219211903116
0.4146889,110,0.2,"TC",21.2751134623699
0.6146889,110,0.2,"TC",17.962133485373
0.4146889,80,0.2,"TC",20.6052728931306
0.6146889,80,0.2,"TC",18.930403410794
0.4146889,110,0.2,"TC",22.5821899492775
0.6146889,110,0.2,"TC",16.6411494364674
0.4146889,80,0.2,"TC",22.1249761655842
0.6146889,80,0.2,"TC",8.92732037505761
0.4146889,110,0.2,"TC",19.3670213082944
0.6146889,110,0.2,"TC",13.9795368415049
0.4146889,80,0.2,"TC",19.2313518345688
0.6146889,80,0.2,"TC",16.6245436455313
0.4146889,110,0.2,"TC",19.9552447696311
0.6146889,110,0.2,"TC",18.9963493586589
0.4146889,80,0.2,"TC",21.4503140997993
0.6146889,80,0.2,"TC",14.3170719073102
0.4146889,110,0.2,"TC",21.5833398918627
0.6146889,110,0.2,"TC",17.9147686868256
0.4146889,80,0.2,"TC",17.7194851992606
0.6146889,80,0.2,"TC",11.6848314385653
0.4146889,110,0.2,"TC",16.1035300916112
0.6146889,110,0.2,"TC",22.1170333647868
0.4146889,80,0.2,"TC",21.7677177143661
0.6146889,80,0.2,"TC",18.6625573430733
0.4146889,110,0.2,"TC",23.8029655620051
0.6146889,110,0.2,"TC",15.4087603505395
0.4146889,80,0.2,"TC",16.4993745603285
0.6146889,80,0.2,"TC",15.9013916917126
0.4146889,110,0.2,"TC",19.1692916820497
0.6146889,110,0.2,"TC",21.2418804543096
0.4146889,80,0.2,"TC",20.3755339761301
0.6146889,80,0.2,"TC",19.3402157888964
0.4146889,110,0.2,"TC",18.6039619952876
0.6146889,110,0.2,"TC",23.2168019833999
0.4146889,80,0.2,"TC",19.8230673282193
0.6146889,80,0.2,"TC",17.812128517002
0.4146889,110,0.2,"TC",23.7514314803161
0.6146889,110,0.2,"TC",20.4548764132347
0.4146889,80,0.2,"TC",17.0528883238931
0.6146889,80,0.2,"TC",15.9942461867197
0.4146889,110,0.2,"TC",24.7705742012175
0.6146889,110,0.2,"TC",21.2845156558947
0.4146889,80,0.2,"TC",14.5483586443936
0.6146889,80,0.2,"TC",16.3488346365297
0.4146889,110,0.2,"TC",23.080035796864
0.6146889,110,0.2,"TC",14.937504676917
0.4146889,80,0.2,"TC",17.0747834052172
0.6146889,80,0.2,"TC",10.6846176055469
0.4146889,110,0.2,"TC",21.4219179162736
0.6146889,110,0.2,"TC",19.1771654048953
0.4146889,80,0.2,"TC",24.8410279797969
0.6146889,80,0.2,"TC",12.3525747545419
0.4146889,110,0.2,"TC",17.7221710370449
0.6146889,110,0.2,"TC",13.9515100737953
0.4146889,80,0.2,"TC",12.6185030568662
0.6146889,80,0.2,"TC",13.6267445765192
0.4146889,110,0.2,"TC",17.4051448246209
0.6146889,110,0.2,"TC",18.8800011934339
0.4146889,80,0.2,"TC",14.7089013241756
0.6146889,80,0.2,"TC",13.3453581219788
0.4146889,110,0.2,"TC",21.9708298926403
0.6146889,110,0.2,"TC",21.3661529664205
0.4146889,80,0.2,"TC",17.1268054891819
0.6146889,80,0.2,"TC",14.536293597034
0.4146889,110,0.2,"TC",18.7891145820065
0.6146889,110,0.2,"TC",20.1445272425726
0.4146889,80,0.2,"TC",15.4640005691026
0.6146889,80,0.2,"TC",14.2514585331875
0.4146889,110,0.2,"TC",15.7236730699069
0.6146889,110,0.2,"TC",17.7195561528215
0.4146889,80,0.2,"TC",20.3428570584632
0.6146889,80,0.2,"TC",10.3389746043866
0.4146889,110,0.2,"TC",22.1961103702538
0.6146889,110,0.2,"TC",12.5912832337571
0.4146889,80,0.2,"TC",16.5287636812194
0.6146889,80,0.2,"TC",13.2848678887602
0.4146889,110,0.2,"TC",20.7724810295001
0.6146889,110,0.2,"TC",14.4586013326273
0.4146889,80,0.2,"TC",17.9041604502806
0.6146889,80,0.2,"TC",19.0153896285336
0.4146889,110,0.2,"TC",18.5311270502386
0.6146889,110,0.2,"TC",19.7886032611546
0.4146889,80,0.2,"TC",17.052073573041
0.6146889,80,0.2,"TC",12.8467294490113
0.4146889,110,0.2,"TC",17.8059513797225
0.6146889,110,0.2,"TC",19.2503731147769
0.4146889,80,0.2,"TC",20.4707933470472
0.6146889,80,0.2,"TC",14.747752149269
0.4146889,110,0.2,"TC",16.3199516965018
0.6146889,110,0.2,"TC",18.9145647010763
0.4146889,80,0.2,"TC",20.1086232471159
0.6146889,80,0.2,"TC",16.3929479803704
0.4146889,110,0.2,"TC",21.4966610108421
0.6146889,110,0.2,"TC",18.4112580576291
0.4146889,80,0.2,"TC",15.7853839183137
0.6146889,80,0.2,"TC",14.1866412479165
0.4146889,110,0.2,"TC",20.6416028687524
0.6146889,110,0.2,"TC",17.4577691723871
0.4146889,80,0.2,"TC",15.2216553697844
0.6146889,80,0.2,"TC",9.44626386270453
0.4146889,110,0.2,"TC",20.6101266412096
0.6146889,110,0.2,"TC",10.8940084387151
0.4146889,80,0.2,"TC",22.0409895060646
0.6146889,80,0.2,"TC",14.6528384660791
0.4146889,110,0.2,"TC",20.8845466572875
0.6146889,110,0.2,"TC",15.542348604372
0.4146889,80,0.2,"TC",18.5420208414865
0.6146889,80,0.2,"TC",23.0024491351426
0.4146889,110,0.2,"TC",15.9042952146808
0.6146889,110,0.2,"TC",21.1064186599463
0.4146889,80,0.2,"TC",20.3688507059928
0.6146889,80,0.2,"TC",18.1916588594481
0.4146889,110,0.2,"TC",18.1746030478933
0.6146889,110,0.2,"TC",19.0366538411022
0.4146889,80,0.2,"TC",21.5740689006702
0.6146889,80,0.2,"TC",18.5038696678954
0.4146889,110,0.2,"TC",20.3213263537967
0.6146889,110,0.2,"TC",19.1307326922344
0.4146889,80,0.2,"TC",20.6787884153728
0.6146889,80,0.2,"TC",13.2152001060676
0.4146889,110,0.2,"TC",17.2782267225325
0.6146889,110,0.2,"TC",13.6181119759861
0.4146889,80,0.2,"TC",15.8416800332517
0.6146889,80,0.2,"TC",13.7014361129179
0.4146889,110,0.2,"TC",22.0037643993276
0.6146889,110,0.2,"TC",17.7992224563025
0.4146889,80,0.2,"TC",16.4577830013277
0.6146889,80,0.2,"TC",14.8001535117544
0.4146889,110,0.2,"TC",22.410662207423
0.6146889,110,0.2,"TC",20.3835073764001
0.4146889,80,0.2,"TC",19.5529826701302
0.6146889,80,0.2,"TC",10.0951681534912
0.4146889,110,0.2,"TC",17.4327773960313
0.6146889,110,0.2,"TC",17.2913263612648
0.4146889,80,0.2,"TC",17.6793562508439
0.6146889,80,0.2,"TC",13.0811210329982
0.4146889,110,0.2,"TC",17.9025769101934
0.6146889,110,0.2,"TC",18.589131880897
0.4146889,80,0.2,"TC",22.0268010238227
0.6146889,80,0.2,"TC",12.7247518742628
0.4146889,110,0.2,"TC",20.0253759093532
0.6146889,110,0.2,"TC",13.7677171798284
0.4146889,80,0.2,"TC",20.84367901373
0.6146889,80,0.2,"TC",10.3799900638264
0.4146889,110,0.2,"TC",17.7182319401434
0.6146889,110,0.2,"TC",19.75712778886
0.4146889,80,0.2,"TC",20.0762780075306
0.6146889,80,0.2,"TC",13.927986861498
0.4146889,110,0.2,"TC",23.8326539043103
0.6146889,110,0.2,"TC",18.3890598130901
0.4146889,80,0.2,"TC",15.156072742016
0.6146889,80,0.2,"TC",11.9162271314379
0.4146889,110,0.2,"TC",19.4361535355681
0.6146889,110,0.2,"TC",19.9142967192738
0.4146889,80,0.2,"TC",19.0593670303856
0.6146889,80,0.2,"TC",16.0944988944435
0.4146889,110,0.2,"TC",21.0637986632307
0.6146889,110,0.2,"TC",14.0023216330195
0.4146889,80,0.2,"TC",16.1042948683633
0.6146889,80,0.2,"TC",16.923517783554
0.4146889,110,0.2,"TC",21.9190874273722
0.6146889,110,0.2,"TC",17.433834281203
0.4146889,80,0.2,"TC",19.6777012851805
0.6146889,80,0.2,"TC",13.6311131334535
0.4146889,110,0.2,"TC",20.1676137157063
0.6146889,110,0.2,"TC",22.7765141770078
0.4146889,80,0.2,"TC",14.6246124370243
0.6146889,80,0.2,"TC",15.8255118486403
0.4146889,110,0.2,"TC",15.0162473141635
0.6146889,110,0.2,"TC",17.4449795198799
0.4146889,80,0.2,"TC",16.0827494184386
0.6146889,80,0.2,"TC",13.2089779434311
0.4146889,110,0.2,"TC",23.1629148939149
0.6146889,110,0.2,"TC",21.6475003491015
0.4146889,80,0.2,"TC",21.5276568173887
0.6146889,80,0.2,"TC",16.6008954450617
0.4146889,110,0.2,"TC",24.552289001259
0.6146889,110,0.2,"TC",13.9686785956753
0.4146889,80,0.2,"TC",16.0603225190902
0.6146889,80,0.2,"TC",14.8447316403563
0.4146889,110,0.2,"TC",20.0346324339404
0.6146889,110,0.2,"TC",19.4838308027101
0.4146889,80,0.2,"TC",14.3585661220055
0.6146889,80,0.2,"TC",8.42950349619092
0.4146889,110,0.2,"TC",20.2728847268444
0.6146889,110,0.2,"TC",18.0748679282079
0.4146889,80,0.2,"TC",19.0810540475482
0.6146889,80,0.2,"TC",16.2847411718488
0.4146889,110,0.2,"TC",21.9864243996005
0.6146889,110,0.2,"TC",17.952146263693
0.4146889,80,0.2,"TC",19.325955612931
0.6146889,80,0.2,"TC",17.8838889142794
0.4146889,110,0.2,"TC",16.0754142323176
0.6146889,110,0.2,"TC",14.2975495565318
0.4146889,80,0.2,"TC",16.7910056403286
0.6146889,80,0.2,"TC",19.2283094091411
0.4146889,110,0.2,"TC",16.9853227164031
0.6146889,110,0.2,"TC",22.5117565150742
0.4146889,80,0.2,"TC",18.3357940575784
0.6146889,80,0.2,"TC",16.7575026304773
0.4146889,110,0.2,"TC",18.1922982414135
0.6146889,110,0.2,"TC",14.8768872934364
0.4146889,80,0.2,"TC",18.1815206507302
0.6146889,80,0.2,"TC",14.0900557270621
0.4146889,110,0.2,"TC",21.2548032471991
0.6146889,110,0.2,"TC",13.5812119827191
0.4146889,80,0.2,"TC",21.5232358479187
0.6146889,80,0.2,"TC",12.1771853047939
0.4146889,110,0.2,"TC",19.807384550349
0.6146889,110,0.2,"TC",15.2641811711589
0.4146889,80,0.2,"TC",16.7550590187673
0.6146889,80,0.2,"TC",12.6081137973062
0.4146889,110,0.2,"TC",16.0265395476609
0.6146889,110,0.2,"TC",12.1943765719505
0.4146889,80,0.2,"TC",16.2547782173559
0.6146889,80,0.2,"TC",12.5460376653601
0.4146889,110,0.2,"TC",21.2105397854712
0.6146889,110,0.2,"TC",14.8701003698001
0.4146889,80,0.2,"TC",20.4477857056541
0.6146889,80,0.2,"TC",18.3290225929083
0.4146889,110,0.2,"TC",19.7040004039382
0.6146889,110,0.2,"TC",19.7396899358366
0.4146889,80,0.2,"TC",16.527296752162
0.6146889,80,0.2,"TC",15.17378115265
0.4146889,110,0.2,"TC",18.1457636547515
0.6146889,110,0.2,"TC",19.0064118721736
0.4146889,80,0.2,"TC",20.7850365107565
0.6146889,80,0.2,"TC",20.594868310932
0.4146889,110,0.2,"TC",20.3368534491399
0.6146889,110,0.2,"TC",19.104718439953
0.4146889,80,0.2,"TC",17.144454407673
0.6146889,80,0.2,"TC",10.5935127258621
0.4146889,110,0.2,"TC",17.7431416624777
0.6146889,110,0.2,"TC",16.9964633696797
0.4146889,80,0.2,"TC",17.3981822586164
0.6146889,80,0.2,"TC",12.1241171743579
0.4146889,110,0.2,"TC",17.3279713879405
0.6146889,110,0.2,"TC",17.0081155495619
0.4146889,80,0.2,"TC",22.6521079736514
0.6146889,80,0.2,"TC",17.5476378288064
0.4146889,110,0.2,"TC",19.8169595480143
0.6146889,110,0.2,"TC",16.0640091166749
0.4146889,80,0.2,"TC",20.275296937052
0.6146889,80,0.2,"TC",19.0705818881069
0.4146889,110,0.2,"TC",17.0819715061554
0.6146889,110,0.2,"TC",13.9466392557814
0.4146889,80,0.2,"TC",14.389421434168
0.6146889,80,0.2,"TC",15.6302964964262
0.4146889,110,0.2,"TC",19.1885793540258
0.6146889,110,0.2,"TC",14.3745592433345
0.4146889,80,0.2,"TC",15.4236583024318
0.6146889,80,0.2,"TC",17.7653845933278
0.4146889,110,0.2,"TC",19.9268797241274
0.6146889,110,0.2,"TC",19.2371730024083
0.4146889,80,0.2,"TC",12.9847556321261
0.6146889,80,0.2,"TC",17.4908258400262
0.4146889,110,0.2,"TC",22.7764696207301
0.6146889,110,0.2,"TC",11.3568180269092
0.4146889,80,0.2,"TC",19.3654234371544
0.6146889,80,0.2,"TC",14.2410911768646
0.4146889,110,0.2,"TC",16.191602136461
0.6146889,110,0.2,"TC",13.2157420137567
0.4146889,80,0.2,"TC",11.3716792862448
0.6146889,80,0.2,"TC",15.6744437203479
0.4146889,110,0.2,"TC",19.3432457976284
0.6146889,110,0.2,"TC",22.7927494271453
0.4146889,80,0.2,"TC",19.3184424888227
0.6146889,80,0.2,"TC",17.2561878920163
0.4146889,110,0.2,"TC",19.4784546531004
0.6146889,110,0.2,"TC",17.5375116848842
0.4146889,80,0.2,"TC",21.2215978363534
0.6146889,80,0.2,"TC",16.5654945252214
0.4146889,110,0.2,"TC",23.7499596764745
0.6146889,110,0.2,"TC",17.4637801999169
0.4146889,80,0.2,"TC",20.5070431600708
0.6146889,80,0.2,"TC",12.3026471331691
0.4146889,110,0.2,"TC",19.8545088862245
0.6146889,110,0.2,"TC",16.1533081050403
0.4146889,80,0.2,"TC",17.7188643311602
0.6146889,80,0.2,"TC",13.0854950107421
0.4146889,110,0.2,"TC",18.0996853595469
0.6146889,110,0.2,"TC",13.4558750005205
0.4146889,80,0.2,"TC",20.1508522958129
0.6146889,80,0.2,"TC",20.8762071168048
0.4146889,110,0.2,"TC",24.9950314180371
0.6146889,110,0.2,"TC",17.3110121278762
0.4146889,80,0.2,"TC",14.173932421773
0.6146889,80,0.2,"TC",13.802757606595
0.4146889,110,0.2,"TC",14.4027568973242
0.6146889,110,0.2,"TC",15.1152523013455
0.4146889,80,0.2,"TC",16.4415940258842
0.6146889,80,0.2,"TC",20.5758027799909
0.4146889,110,0.2,"TC",21.3550860655216
0.6146889,110,0.2,"TC",16.7466402484336
0.4146889,80,0.2,"TC",17.5776353690356
0.6146889,80,0.2,"TC",17.6332613865432
0.4146889,110,0.2,"TC",18.8905630994473
0.6146889,110,0.2,"TC",21.9274685381865
0.4146889,80,0.2,"TC",16.4968752489364
0.6146889,80,0.2,"TC",15.5407656576132
0.4146889,110,0.2,"TC",19.3351660002198
0.6146889,110,0.2,"TC",19.460278457752
0.4146889,80,0.2,"TC",21.2073350449909
0.6146889,80,0.2,"TC",17.7579200539188
0.4146889,110,0.2,"TC",15.7925288389486
0.6146889,110,0.2,"TC",19.4343306839581
0.4146889,80,0.2,"TC",17.9442441374181
0.6146889,80,0.2,"TC",12.8110552552299
0.4146889,110,0.2,"TC",18.0035177319622
0.6146889,110,0.2,"TC",18.4324520592349
0.4146889,80,0.2,"TC",15.3624154555337
0.6146889,80,0.2,"TC",16.5049644433669
0.4146889,110,0.2,"TC",21.770706297927
0.6146889,110,0.2,"TC",18.9875631007347
0.4146889,80,0.2,"TC",16.9972142916112
0.6146889,80,0.2,"TC",12.5566601926328
0.4146889,110,0.2,"TC",20.1869147193928
0.6146889,110,0.2,"TC",15.107481373224
0.4146889,80,0.2,"TC",12.7481720234763
0.6146889,80,0.2,"TC",19.5845873003558
0.4146889,110,0.2,"TC",17.1794848119626
0.6146889,110,0.2,"TC",21.6857459600438
0.4146889,80,0.2,"TC",17.6543399672913
0.6146889,80,0.2,"TC",11.4206428999871
0.4146889,110,0.2,"TC",22.9422614019529
0.6146889,110,0.2,"TC",18.5567391258773
0.4146889,80,0.2,"TC",15.0364157586628
0.6146889,80,0.2,"TC",13.4431713224335
0.4146889,110,0.2,"TC",14.9806952998977
0.6146889,110,0.2,"TC",23.0972351841194
0.4146889,80,0.2,"TC",16.3490689321242
0.6146889,80,0.2,"TC",16.414934257014
0.4146889,110,0.2,"TC",14.0980679706045
0.6146889,110,0.2,"TC",18.9702642511259
0.4146889,80,0.2,"TC",19.4596319388288
0.6146889,80,0.2,"TC",19.1672226162191
0.4146889,110,0.2,"TC",18.637576504024
0.6146889,110,0.2,"TC",20.8964404872192
0.4146889,80,0.2,"TC",23.7111180934398
0.6146889,80,0.2,"TC",9.51443090889287
0.4146889,110,0.2,"TC",21.131082189152
0.6146889,110,0.2,"TC",17.517749780407
0.4146889,80,0.2,"TC",20.5502051038651
0.6146889,80,0.2,"TC",19.0833335958138
0.4146889,110,0.2,"TC",17.2778526972197
0.6146889,110,0.2,"TC",21.6957088788132
0.4146889,80,0.2,"TC",19.8228171045932
0.6146889,80,0.2,"TC",14.5788611017442
0.4146889,110,0.2,"TC",21.1625884852991
0.6146889,110,0.2,"TC",19.7249082756083
0.4146889,80,0.2,"TC",19.8791006893209
0.6146889,80,0.2,"TC",16.9560214474705
0.4146889,110,0.2,"TC",16.697100079705
0.6146889,110,0.2,"TC",15.1557464191251
0.4146889,80,0.2,"TC",13.3676542896293
0.6146889,80,0.2,"TC",15.8386577736787
0.4146889,110,0.2,"TC",15.6828306250158
0.6146889,110,0.2,"TC",11.3396079310717
0.4146889,80,0.2,"TC",20.3806742010671
0.6146889,80,0.2,"TC",18.5275784666006
0.4146889,110,0.2,"TC",16.3947042964928
0.6146889,110,0.2,"TC",17.5315957866907
0.4146889,80,0.2,"TC",13.9841042823979
0.6146889,80,0.2,"TC",16.1821471236963
0.4146889,110,0.2,"TC",22.4563750532321
0.6146889,110,0.2,"TC",21.6006330836769
0.4146889,80,0.2,"TC",16.8052434296382
0.6146889,80,0.2,"TC",13.1602300946045
0.4146889,110,0.2,"TC",16.1240244234763
0.6146889,110,0.2,"TC",19.563951466432
0.4146889,80,0.2,"TC",23.1429189716841
0.6146889,80,0.2,"TC",14.1459002577031
0.4146889,110,0.2,"TC",18.1205968076605
0.6146889,110,0.2,"TC",15.6455810524074
0.4146889,80,0.2,"TC",21.2186553292478
0.6146889,80,0.2,"TC",11.963047270334
0.4146889,110,0.2,"TC",12.2911338821336
0.6146889,110,0.2,"TC",16.1901128882585
0.4146889,80,0.2,"TC",21.8756921918014
0.6146889,80,0.2,"TC",12.1496269318608
0.4146889,110,0.2,"TC",17.1646813468945
0.6146889,110,0.2,"TC",14.1074217926794
0.4146889,80,0.2,"TC",16.550678720226
0.6146889,80,0.2,"TC",21.0234989198187
0.4146889,110,0.2,"TC",19.1799744173947
0.6146889,110,0.2,"TC",15.7956944483184
0.4146889,80,0.2,"TC",18.7437638082676
0.6146889,80,0.2,"TC",17.0195256961209
0.4146889,110,0.2,"TC",19.3742237681702
0.6146889,110,0.2,"TC",21.2607004381048
0.4146889,80,0.2,"TC",18.2158222871594
0.6146889,80,0.2,"TC",17.3646252904401
0.4146889,110,0.2,"TC",20.8737133348325
0.6146889,110,0.2,"TC",24.2559140874174
