A,B,C,D,E,F,y
-1,-1,-1,-1,-1,-1,4.031651746
-1,-1,-1,-1,-1,-1,6.527392276
-1,-1,-1,-1,-1,-1,0.219277264
-1,-1,-1,-1,-1,-1,6.773467654
-1,-1,-1,-1,-1,-1,2.667279021
-1,-1,-1,-1,-1,-1,8.345592042
-1,-1,-1,-1,-1,-1,8.168206426
-1,-1,-1,-1,-1,-1,6.477016467
-1,-1,-1,-1,-1,-1,4.780333839
-1,-1,-1,-1,-1,-1,6.950148793
-1,-1,-1,-1,-1,-1,6.566900782
-1,-1,-1,-1,-1,-1,4.012275368
-1,-1,-1,-1,-1,-1,2.736481104
-1,-1,-1,-1,-1,-1,0.308411013
-1,-1,-1,-1,-1,-1,2.378375435
-1,-1,-1,-1,-1,-1,3.784876382
-1,-1,-1,-1,-1,-1,4.763378238
-1,-1,-1,-1,-1,-1,3.676878664
-1,-1,-1,-1,-1,-1,5.992165415
-1,-1,-1,-1,-1,-1,3.920314009
-1,-1,-1,-1,-1,-1,3.253342314
-1,-1,-1,-1,-1,-1,2.258109875
-1,-1,-1,-1,-1,-1,3.736134106
-1,-1,-1,-1,-1,-1,4.678647956
-1,-1,-1,-1,-1,-1,2.1853862
-1,-1,-1,-1,-1,-1,0.483322415
-1,-1,-1,-1,-1,-1,7.714162225
-1,-1,-1,-1,-1,-1,6.065997894
-1,-1,-1,-1,-1,-1,2.103238974
-1,-1,-1,-1,-1,-1,4.280299623
-1,-1,-1,-1,-1,-1,4.868516915
-1,-1,-1,-1,-1,-1,2.807591217
-1,-1,-1,-1,-1,-1,1.09236806
-1,-1,-1,-1,-1,-1,0.539356578
-1,-1,-1,-1,-1,-1,2.745044672
-1,-1,-1,-1,-1,-1,3.25707566
-1,-1,-1,-1,-1,-1,1.298716607
-1,-1,-1,-1,-1,-1,10.47954617
-1,-1,-1,-1,-1,-1,6.877076461
-1,-1,-1,-1,-1,-1,1.940933541
-1,-1,-1,-1,-1,-1,4.704555979
-1,-1,-1,-1,-1,-1,0.996149534
-1,-1,-1,-1,-1,-1,1.268410218
-1,-1,-1,-1,-1,-1,0.02580457
-1,-1,-1,-1,-1,-1,7.111882041
-1,-1,-1,-1,-1,-1,6.764412827
-1,-1,-1,-1,-1,-1,6.406170024
-1,-1,-1,-1,-1,-1,5.721559835
-1,-1,-1,-1,-1,-1,1.991990594
-1,-1,-1,-1,-1,-1,1.570011489
1,-1,-1,-1,-1,-1,8.88944455
1,-1,-1,-1,-1,-1,2.271903087
1,-1,-1,-1,-1,-1,2.750729753
1,-1,-1,-1,-1,-1,6.903277917
1,-1,-1,-1,-1,-1,0.237815651
1,-1,-1,-1,-1,-1,9.835801395
1,-1,-1,-1,-1,-1,3.677593722
1,-1,-1,-1,-1,-1,4.146879388
1,-1,-1,-1,-1,-1,5.003343965
1,-1,-1,-1,-1,-1,5.091846537
1,-1,-1,-1,-1,-1,4.424465908
1,-1,-1,-1,-1,-1,7.243760191
1,-1,-1,-1,-1,-1,9.860426647
1,-1,-1,-1,-1,-1,13.75550017
1,-1,-1,-1,-1,-1,3.009137599
1,-1,-1,-1,-1,-1,5.198542734
1,-1,-1,-1,-1,-1,8.809127794
1,-1,-1,-1,-1,-1,7.54658929
1,-1,-1,-1,-1,-1,5.109396152
1,-1,-1,-1,-1,-1,5.012161352
1,-1,-1,-1,-1,-1,9.33854725
1,-1,-1,-1,-1,-1,7.907721015
1,-1,-1,-1,-1,-1,6.05477387
1,-1,-1,-1,-1,-1,8.01213162
1,-1,-1,-1,-1,-1,0.855744883
1,-1,-1,-1,-1,-1,9.995159182
1,-1,-1,-1,-1,-1,11.35241523
1,-1,-1,-1,-1,-1,2.839407198
1,-1,-1,-1,-1,-1,10.43990155
1,-1,-1,-1,-1,-1,6.784947453
1,-1,-1,-1,-1,-1,4.422010729
1,-1,-1,-1,-1,-1,11.18050536
1,-1,-1,-1,-1,-1,10.2888059
1,-1,-1,-1,-1,-1,9.704797104
1,-1,-1,-1,-1,-1,2.488631216
1,-1,-1,-1,-1,-1,4.92081023
1,-1,-1,-1,-1,-1,4.61792261
1,-1,-1,-1,-1,-1,4.183948369
1,-1,-1,-1,-1,-1,5.540349859
1,-1,-1,-1,-1,-1,0.883529835
1,-1,-1,-1,-1,-1,5.820140751
1,-1,-1,-1,-1,-1,7.520543474
1,-1,-1,-1,-1,-1,4.999475858
1,-1,-1,-1,-1,-1,7.188471788
1,-1,-1,-1,-1,-1,9.91345405
1,-1,-1,-1,-1,-1,5.862194806
1,-1,-1,-1,-1,-1,6.291189988
1,-1,-1,-1,-1,-1,1.446878338
1,-1,-1,-1,-1,-1,7.352308781
1,-1,-1,-1,-1,-1,6.593503621
-1,1,-1,-1,-1,-1,7.34586959
-1,1,-1,-1,-1,-1,1.278700662
-1,1,-1,-1,-1,-1,3.522643669
-1,1,-1,-1,-1,-1,6.444701034
-1,1,-1,-1,-1,-1,0.182512947
-1,1,-1,-1,-1,-1,7.446906226
-1,1,-1,-1,-1,-1,4.972715574
-1,1,-1,-1,-1,-1,6.080107461
-1,1,-1,-1,-1,-1,4.719172762
-1,1,-1,-1,-1,-1,9.290078497
-1,1,-1,-1,-1,-1,2.922037224
-1,1,-1,-1,-1,-1,3.264329766
-1,1,-1,-1,-1,-1,9.599310217
-1,1,-1,-1,-1,-1,2.559772024
-1,1,-1,-1,-1,-1,4.186091337
-1,1,-1,-1,-1,-1,7.888472632
-1,1,-1,-1,-1,-1,5.07053865
-1,1,-1,-1,-1,-1,6.812210958
-1,1,-1,-1,-1,-1,8.584878185
-1,1,-1,-1,-1,-1,6.594370886
-1,1,-1,-1,-1,-1,2.15655246
-1,1,-1,-1,-1,-1,6.33086794
-1,1,-1,-1,-1,-1,9.003949671
-1,1,-1,-1,-1,-1,5.782510219
-1,1,-1,-1,-1,-1,12.16110822
-1,1,-1,-1,-1,-1,7.36615573
-1,1,-1,-1,-1,-1,8.482595127
-1,1,-1,-1,-1,-1,4.461830728
-1,1,-1,-1,-1,-1,3.774239535
-1,1,-1,-1,-1,-1,2.99764004
-1,1,-1,-1,-1,-1,2.371017914
-1,1,-1,-1,-1,-1,1.561708279
-1,1,-1,-1,-1,-1,6.803910072
-1,1,-1,-1,-1,-1,4.326067943
-1,1,-1,-1,-1,-1,2.336268787
-1,1,-1,-1,-1,-1,3.532046559
-1,1,-1,-1,-1,-1,3.959323341
-1,1,-1,-1,-1,-1,8.39043121
-1,1,-1,-1,-1,-1,5.720593964
-1,1,-1,-1,-1,-1,4.861056838
-1,1,-1,-1,-1,-1,6.690192059
-1,1,-1,-1,-1,-1,7.446771998
-1,1,-1,-1,-1,-1,9.062094468
-1,1,-1,-1,-1,-1,6.190767322
-1,1,-1,-1,-1,-1,2.776918235
-1,1,-1,-1,-1,-1,4.366090491
-1,1,-1,-1,-1,-1,10.92824088
-1,1,-1,-1,-1,-1,7.374187606
-1,1,-1,-1,-1,-1,1.983436632
-1,1,-1,-1,-1,-1,7.113073747
1,1,-1,-1,-1,-1,3.39679218
1,1,-1,-1,-1,-1,7.744795667
1,1,-1,-1,-1,-1,12.98689413
1,1,-1,-1,-1,-1,4.797944231
1,1,-1,-1,-1,-1,6.396543392
1,1,-1,-1,-1,-1,11.32369232
1,1,-1,-1,-1,-1,2.747315071
1,1,-1,-1,-1,-1,8.033414821
1,1,-1,-1,-1,-1,5.532616248
1,1,-1,-1,-1,-1,9.718524887
1,1,-1,-1,-1,-1,11.03202677
1,1,-1,-1,-1,-1,5.522280816
1,1,-1,-1,-1,-1,5.947802689
1,1,-1,-1,-1,-1,4.346614684
1,1,-1,-1,-1,-1,7.416962593
1,1,-1,-1,-1,-1,1.652007662
1,1,-1,-1,-1,-1,9.76483425
1,1,-1,-1,-1,-1,3.348241732
1,1,-1,-1,-1,-1,10.2516949
1,1,-1,-1,-1,-1,8.675214226
1,1,-1,-1,-1,-1,8.840039429
1,1,-1,-1,-1,-1,5.466865759
1,1,-1,-1,-1,-1,6.558800298
1,1,-1,-1,-1,-1,3.501093931
1,1,-1,-1,-1,-1,5.622463915
1,1,-1,-1,-1,-1,3.620931879
1,1,-1,-1,-1,-1,5.00315657
1,1,-1,-1,-1,-1,13.94637401
1,1,-1,-1,-1,-1,11.00211932
1,1,-1,-1,-1,-1,9.314158357
1,1,-1,-1,-1,-1,12.8713693
1,1,-1,-1,-1,-1,5.796930029
1,1,-1,-1,-1,-1,6.952964174
1,1,-1,-1,-1,-1,2.820425408
1,1,-1,-1,-1,-1,8.260510983
1,1,-1,-1,-1,-1,8.736158503
1,1,-1,-1,-1,-1,11.60284986
1,1,-1,-1,-1,-1,6.162077187
1,1,-1,-1,-1,-1,6.836739362
1,1,-1,-1,-1,-1,4.772451193
1,1,-1,-1,-1,-1,5.965573596
1,1,-1,-1,-1,-1,3.884660285
1,1,-1,-1,-1,-1,10.72116163
1,1,-1,-1,-1,-1,7.945577523
1,1,-1,-1,-1,-1,5.222219488
1,1,-1,-1,-1,-1,10.90955756
1,1,-1,-1,-1,-1,12.1680311
1,1,-1,-1,-1,-1,6.426889148
1,1,-1,-1,-1,-1,7.112466896
1,1,-1,-1,-1,-1,11.2877959
-1,-1,1,-1,-1,-1,0.026742446
-1,-1,1,-1,-1,-1,1.875741788
-1,-1,1,-1,-1,-1,7.636838057
-1,-1,1,-1,-1,-1,2.415860847
-1,-1,1,-1,-1,-1,3.765693267
-1,-1,1,-1,-1,-1,0.951187818
-1,-1,1,-1,-1,-1,1.955180636
-1,-1,1,-1,-1,-1,2.423096649
-1,-1,1,-1,-1,-1,4.698906153
-1,-1,1,-1,-1,-1,1.965640005
-1,-1,1,-1,-1,-1,3.640888066
-1,-1,1,-1,-1,-1,2.564700536
-1,-1,1,-1,-1,-1,1.424966721
-1,-1,1,-1,-1,-1,1.823012761
-1,-1,1,-1,-1,-1,2.494690054
-1,-1,1,-1,-1,-1,1.773010804
-1,-1,1,-1,-1,-1,1.578497074
-1,-1,1,-1,-1,-1,2.078236778
-1,-1,1,-1,-1,-1,8.033543754
-1,-1,1,-1,-1,-1,2.886137156
-1,-1,1,-1,-1,-1,4.388188763
-1,-1,1,-1,-1,-1,1.179387335
-1,-1,1,-1,-1,-1,8.757142691
-1,-1,1,-1,-1,-1,5.66684743
-1,-1,1,-1,-1,-1,2.58210248
-1,-1,1,-1,-1,-1,3.730392026
-1,-1,1,-1,-1,-1,1.645285353
-1,-1,1,-1,-1,-1,6.071992119
-1,-1,1,-1,-1,-1,1.305965159
-1,-1,1,-1,-1,-1,3.918218271
-1,-1,1,-1,-1,-1,0.899266993
-1,-1,1,-1,-1,-1,2.495699083
-1,-1,1,-1,-1,-1,1.926843415
-1,-1,1,-1,-1,-1,0.952392886
-1,-1,1,-1,-1,-1,3.723269408
-1,-1,1,-1,-1,-1,5.403623342
-1,-1,1,-1,-1,-1,7.87527729
-1,-1,1,-1,-1,-1,2.328074607
-1,-1,1,-1,-1,-1,0.198900172
-1,-1,1,-1,-1,-1,1.242022796
-1,-1,1,-1,-1,-1,1.021859503
-1,-1,1,-1,-1,-1,1.551620938
-1,-1,1,-1,-1,-1,1.971709513
-1,-1,1,-1,-1,-1,2.374825873
-1,-1,1,-1,-1,-1,0.630696029
-1,-1,1,-1,-1,-1,2.826977823
-1,-1,1,-1,-1,-1,1.741030449
-1,-1,1,-1,-1,-1,0.521528745
-1,-1,1,-1,-1,-1,4.790559815
-1,-1,1,-1,-1,-1,8.717830706
1,-1,1,-1,-1,-1,8.004563119
1,-1,1,-1,-1,-1,5.146183536
1,-1,1,-1,-1,-1,1.207693859
1,-1,1,-1,-1,-1,4.291335193
1,-1,1,-1,-1,-1,1.381023289
1,-1,1,-1,-1,-1,4.324465552
1,-1,1,-1,-1,-1,8.417416251
1,-1,1,-1,-1,-1,0.152345693
1,-1,1,-1,-1,-1,6.411268657
1,-1,1,-1,-1,-1,8.329015835
1,-1,1,-1,-1,-1,2.257729784
1,-1,1,-1,-1,-1,1.952494214
1,-1,1,-1,-1,-1,1.175868429
1,-1,1,-1,-1,-1,0.675135047
1,-1,1,-1,-1,-1,3.623981301
1,-1,1,-1,-1,-1,3.084272963
1,-1,1,-1,-1,-1,0.779641494
1,-1,1,-1,-1,-1,3.945320337
1,-1,1,-1,-1,-1,4.070029224
1,-1,1,-1,-1,-1,4.338756123
1,-1,1,-1,-1,-1,0.865540203
1,-1,1,-1,-1,-1,2.336983276
1,-1,1,-1,-1,-1,1.367057753
1,-1,1,-1,-1,-1,4.342501799
1,-1,1,-1,-1,-1,8.024916089
1,-1,1,-1,-1,-1,4.467246373
1,-1,1,-1,-1,-1,1.956298039
1,-1,1,-1,-1,-1,3.045270215
1,-1,1,-1,-1,-1,4.458517435
1,-1,1,-1,-1,-1,2.402413768
1,-1,1,-1,-1,-1,0.737448791
1,-1,1,-1,-1,-1,1.161903833
1,-1,1,-1,-1,-1,2.147300868
1,-1,1,-1,-1,-1,10.62799428
1,-1,1,-1,-1,-1,3.765759837
1,-1,1,-1,-1,-1,2.015968767
1,-1,1,-1,-1,-1,3.826304391
1,-1,1,-1,-1,-1,6.342106784
1,-1,1,-1,-1,-1,1.908333606
1,-1,1,-1,-1,-1,0.748310929
1,-1,1,-1,-1,-1,0.752437325
1,-1,1,-1,-1,-1,1.182210966
1,-1,1,-1,-1,-1,1.863620871
1,-1,1,-1,-1,-1,0.37379593
1,-1,1,-1,-1,-1,4.462067302
1,-1,1,-1,-1,-1,4.27922993
1,-1,1,-1,-1,-1,4.417444516
1,-1,1,-1,-1,-1,1.747906466
1,-1,1,-1,-1,-1,1.713972487
1,-1,1,-1,-1,-1,3.180014312
-1,1,1,-1,-1,-1,6.003974489
-1,1,1,-1,-1,-1,1.288617655
-1,1,1,-1,-1,-1,6.442391165
-1,1,1,-1,-1,-1,5.436437672
-1,1,1,-1,-1,-1,12.92738112
-1,1,1,-1,-1,-1,8.049053512
-1,1,1,-1,-1,-1,10.54660483
-1,1,1,-1,-1,-1,3.57933247
-1,1,1,-1,-1,-1,4.905264457
-1,1,1,-1,-1,-1,9.375156893
-1,1,1,-1,-1,-1,3.512608513
-1,1,1,-1,-1,-1,3.444682437
-1,1,1,-1,-1,-1,7.895507027
-1,1,1,-1,-1,-1,4.257019415
-1,1,1,-1,-1,-1,6.426297613
-1,1,1,-1,-1,-1,4.184652341
-1,1,1,-1,-1,-1,1.719689153
-1,1,1,-1,-1,-1,5.315874491
-1,1,1,-1,-1,-1,2.658346421
-1,1,1,-1,-1,-1,2.661282945
-1,1,1,-1,-1,-1,3.440842082
-1,1,1,-1,-1,-1,5.893349479
-1,1,1,-1,-1,-1,3.096997276
-1,1,1,-1,-1,-1,2.083273713
-1,1,1,-1,-1,-1,7.220433046
-1,1,1,-1,-1,-1,2.674882315
-1,1,1,-1,-1,-1,3.052037861
-1,1,1,-1,-1,-1,2.252362909
-1,1,1,-1,-1,-1,5.10099327
-1,1,1,-1,-1,-1,7.782152854
-1,1,1,-1,-1,-1,7.002212007
-1,1,1,-1,-1,-1,5.165522678
-1,1,1,-1,-1,-1,4.930521457
-1,1,1,-1,-1,-1,3.474786279
-1,1,1,-1,-1,-1,4.439523651
-1,1,1,-1,-1,-1,4.270505044
-1,1,1,-1,-1,-1,9.185385516
-1,1,1,-1,-1,-1,0.872098194
-1,1,1,-1,-1,-1,7.119850081
-1,1,1,-1,-1,-1,6.111970905
-1,1,1,-1,-1,-1,3.102069236
-1,1,1,-1,-1,-1,4.946103126
-1,1,1,-1,-1,-1,7.079770036
-1,1,1,-1,-1,-1,6.383515404
-1,1,1,-1,-1,-1,1.598954106
-1,1,1,-1,-1,-1,7.869898924
-1,1,1,-1,-1,-1,0.98562723
-1,1,1,-1,-1,-1,7.897986548
-1,1,1,-1,-1,-1,4.311395779
-1,1,1,-1,-1,-1,2.533574658
1,1,1,-1,-1,-1,4.104702989
1,1,1,-1,-1,-1,12.50525725
1,1,1,-1,-1,-1,11.22987581
1,1,1,-1,-1,-1,8.38563256
1,1,1,-1,-1,-1,5.803369538
1,1,1,-1,-1,-1,6.862045501
1,1,1,-1,-1,-1,8.804288754
1,1,1,-1,-1,-1,10.69305823
1,1,1,-1,-1,-1,14.35018027
1,1,1,-1,-1,-1,5.880983036
1,1,1,-1,-1,-1,8.399720506
1,1,1,-1,-1,-1,15.23996053
1,1,1,-1,-1,-1,6.255256089
1,1,1,-1,-1,-1,8.190216116
1,1,1,-1,-1,-1,8.335360377
1,1,1,-1,-1,-1,2.62129932
1,1,1,-1,-1,-1,0.408836522
1,1,1,-1,-1,-1,3.510660011
1,1,1,-1,-1,-1,14.52053682
1,1,1,-1,-1,-1,10.16153201
1,1,1,-1,-1,-1,4.440806217
1,1,1,-1,-1,-1,4.160760603
1,1,1,-1,-1,-1,5.230496162
1,1,1,-1,-1,-1,8.719582567
1,1,1,-1,-1,-1,11.35837534
1,1,1,-1,-1,-1,6.63949269
1,1,1,-1,-1,-1,10.41364564
1,1,1,-1,-1,-1,5.273746643
1,1,1,-1,-1,-1,2.198818266
1,1,1,-1,-1,-1,1.93921676
1,1,1,-1,-1,-1,7.842393441
1,1,1,-1,-1,-1,1.02949747
1,1,1,-1,-1,-1,6.959760855
1,1,1,-1,-1,-1,8.17532522
1,1,1,-1,-1,-1,10.3912306
1,1,1,-1,-1,-1,3.512738888
1,1,1,-1,-1,-1,5.15374094
1,1,1,-1,-1,-1,5.848929935
1,1,1,-1,-1,-1,3.771221176
1,1,1,-1,-1,-1,8.47973164
1,1,1,-1,-1,-1,12.59128063
1,1,1,-1,-1,-1,6.130891521
1,1,1,-1,-1,-1,10.5902525
1,1,1,-1,-1,-1,6.837030373
1,1,1,-1,-1,-1,4.178520845
1,1,1,-1,-1,-1,2.073671894
1,1,1,-1,-1,-1,7.720148876
1,1,1,-1,-1,-1,6.144483354
1,1,1,-1,-1,-1,9.106136357
1,1,1,-1,-1,-1,6.088660478
-1,-1,-1,1,-1,-1,4.962672744
-1,-1,-1,1,-1,-1,0.417211867
-1,-1,-1,1,-1,-1,4.148793608
-1,-1,-1,1,-1,-1,1.01628218
-1,-1,-1,1,-1,-1,0.917025869
-1,-1,-1,1,-1,-1,7.543667958
-1,-1,-1,1,-1,-1,5.592634144
-1,-1,-1,1,-1,-1,1.290999557
-1,-1,-1,1,-1,-1,2.031355788
-1,-1,-1,1,-1,-1,1.904724962
-1,-1,-1,1,-1,-1,1.842225025
-1,-1,-1,1,-1,-1,1.318388064
-1,-1,-1,1,-1,-1,3.122730102
-1,-1,-1,1,-1,-1,0.485556599
-1,-1,-1,1,-1,-1,8.214145554
-1,-1,-1,1,-1,-1,4.169245017
-1,-1,-1,1,-1,-1,6.457783608
-1,-1,-1,1,-1,-1,9.068247747
-1,-1,-1,1,-1,-1,4.157740462
-1,-1,-1,1,-1,-1,0.025250205
-1,-1,-1,1,-1,-1,2.632972846
-1,-1,-1,1,-1,-1,4.069746348
-1,-1,-1,1,-1,-1,4.487837082
-1,-1,-1,1,-1,-1,5.72215686
-1,-1,-1,1,-1,-1,4.226748728
-1,-1,-1,1,-1,-1,6.658087167
-1,-1,-1,1,-1,-1,5.848265236
-1,-1,-1,1,-1,-1,2.123621068
-1,-1,-1,1,-1,-1,4.077015021
-1,-1,-1,1,-1,-1,3.843783773
-1,-1,-1,1,-1,-1,1.753599479
-1,-1,-1,1,-1,-1,2.506488396
-1,-1,-1,1,-1,-1,2.785040817
-1,-1,-1,1,-1,-1,2.954406234
-1,-1,-1,1,-1,-1,1.818140576
-1,-1,-1,1,-1,-1,3.430014093
-1,-1,-1,1,-1,-1,2.742075045
-1,-1,-1,1,-1,-1,4.721925222
-1,-1,-1,1,-1,-1,5.009462341
-1,-1,-1,1,-1,-1,5.560379984
-1,-1,-1,1,-1,-1,2.490461284
-1,-1,-1,1,-1,-1,0.558945642
-1,-1,-1,1,-1,-1,3.071213813
-1,-1,-1,1,-1,-1,2.030287083
-1,-1,-1,1,-1,-1,3.996594638
-1,-1,-1,1,-1,-1,1.224590258
-1,-1,-1,1,-1,-1,2.735385512
-1,-1,-1,1,-1,-1,2.772581343
-1,-1,-1,1,-1,-1,9.435060027
-1,-1,-1,1,-1,-1,9.437034913
1,-1,-1,1,-1,-1,3.817479405
1,-1,-1,1,-1,-1,0.067087795
1,-1,-1,1,-1,-1,8.264770253
1,-1,-1,1,-1,-1,6.767489238
1,-1,-1,1,-1,-1,3.559962015
1,-1,-1,1,-1,-1,8.043729202
1,-1,-1,1,-1,-1,6.818982366
1,-1,-1,1,-1,-1,6.271061687
1,-1,-1,1,-1,-1,7.713857987
1,-1,-1,1,-1,-1,6.555977921
1,-1,-1,1,-1,-1,8.368496126
1,-1,-1,1,-1,-1,7.401468153
1,-1,-1,1,-1,-1,3.858220501
1,-1,-1,1,-1,-1,0.782469069
1,-1,-1,1,-1,-1,4.205422313
1,-1,-1,1,-1,-1,11.27090624
1,-1,-1,1,-1,-1,2.136526623
1,-1,-1,1,-1,-1,4.499741618
1,-1,-1,1,-1,-1,9.773691577
1,-1,-1,1,-1,-1,10.0345415
1,-1,-1,1,-1,-1,7.639418513
1,-1,-1,1,-1,-1,5.266382574
1,-1,-1,1,-1,-1,3.578204401
1,-1,-1,1,-1,-1,2.53844914
1,-1,-1,1,-1,-1,5.836146466
1,-1,-1,1,-1,-1,9.694383463
1,-1,-1,1,-1,-1,3.791411758
1,-1,-1,1,-1,-1,3.142341438
1,-1,-1,1,-1,-1,2.785392471
1,-1,-1,1,-1,-1,4.985755007
1,-1,-1,1,-1,-1,4.264425579
1,-1,-1,1,-1,-1,5.132343846
1,-1,-1,1,-1,-1,6.368505804
1,-1,-1,1,-1,-1,1.325057747
1,-1,-1,1,-1,-1,5.255202692
1,-1,-1,1,-1,-1,8.365021971
1,-1,-1,1,-1,-1,5.373896123
1,-1,-1,1,-1,-1,4.763509834
1,-1,-1,1,-1,-1,1.439272444
1,-1,-1,1,-1,-1,8.04899786
1,-1,-1,1,-1,-1,2.149174813
1,-1,-1,1,-1,-1,3.193221557
1,-1,-1,1,-1,-1,3.898709121
1,-1,-1,1,-1,-1,10.20586401
1,-1,-1,1,-1,-1,11.51161875
1,-1,-1,1,-1,-1,10.48871911
1,-1,-1,1,-1,-1,6.046326057
1,-1,-1,1,-1,-1,6.178785476
1,-1,-1,1,-1,-1,6.833163016
1,-1,-1,1,-1,-1,10.19073502
-1,1,-1,1,-1,-1,1.509539988
-1,1,-1,1,-1,-1,3.766605064
-1,1,-1,1,-1,-1,6.311852248
-1,1,-1,1,-1,-1,2.856518305
-1,1,-1,1,-1,-1,7.072391948
-1,1,-1,1,-1,-1,7.883177113
-1,1,-1,1,-1,-1,0.619675926
-1,1,-1,1,-1,-1,6.368770103
-1,1,-1,1,-1,-1,7.043071286
-1,1,-1,1,-1,-1,3.329726184
-1,1,-1,1,-1,-1,4.032057757
-1,1,-1,1,-1,-1,1.467026992
-1,1,-1,1,-1,-1,1.652708768
-1,1,-1,1,-1,-1,3.900403228
-1,1,-1,1,-1,-1,4.629599539
-1,1,-1,1,-1,-1,7.828406805
-1,1,-1,1,-1,-1,10.37547581
-1,1,-1,1,-1,-1,4.883195696
-1,1,-1,1,-1,-1,3.20583995
-1,1,-1,1,-1,-1,9.861371309
-1,1,-1,1,-1,-1,4.642292168
-1,1,-1,1,-1,-1,10.43495856
-1,1,-1,1,-1,-1,6.742290786
-1,1,-1,1,-1,-1,8.599677232
-1,1,-1,1,-1,-1,2.686180003
-1,1,-1,1,-1,-1,1.872670686
-1,1,-1,1,-1,-1,1.825933495
-1,1,-1,1,-1,-1,9.681601741
-1,1,-1,1,-1,-1,5.672454729
-1,1,-1,1,-1,-1,3.87954518
-1,1,-1,1,-1,-1,7.0294709
-1,1,-1,1,-1,-1,4.327148724
-1,1,-1,1,-1,-1,5.667667576
-1,1,-1,1,-1,-1,4.3937789
-1,1,-1,1,-1,-1,3.181327917
-1,1,-1,1,-1,-1,1.164479387
-1,1,-1,1,-1,-1,1.215675424
-1,1,-1,1,-1,-1,7.626793554
-1,1,-1,1,-1,-1,8.775627149
-1,1,-1,1,-1,-1,6.202262184
-1,1,-1,1,-1,-1,0.799769957
-1,1,-1,1,-1,-1,3.520555248
-1,1,-1,1,-1,-1,0.089518491
-1,1,-1,1,-1,-1,5.041555568
-1,1,-1,1,-1,-1,12.38027298
-1,1,-1,1,-1,-1,5.974054469
-1,1,-1,1,-1,-1,7.438183193
-1,1,-1,1,-1,-1,3.284956798
-1,1,-1,1,-1,-1,5.210677667
-1,1,-1,1,-1,-1,1.498129985
1,1,-1,1,-1,-1,9.069162466
1,1,-1,1,-1,-1,11.31127601
1,1,-1,1,-1,-1,7.499534241
1,1,-1,1,-1,-1,7.152029972
1,1,-1,1,-1,-1,8.996111028
1,1,-1,1,-1,-1,6.824771211
1,1,-1,1,-1,-1,10.25121942
1,1,-1,1,-1,-1,5.839735551
1,1,-1,1,-1,-1,8.856469954
1,1,-1,1,-1,-1,7.059446972
1,1,-1,1,-1,-1,11.73687583
1,1,-1,1,-1,-1,5.743434262
1,1,-1,1,-1,-1,8.140661938
1,1,-1,1,-1,-1,13.47732634
1,1,-1,1,-1,-1,7.106323937
1,1,-1,1,-1,-1,4.75895379
1,1,-1,1,-1,-1,4.244901116
1,1,-1,1,-1,-1,8.524896582
1,1,-1,1,-1,-1,8.575427779
1,1,-1,1,-1,-1,0.878261236
1,1,-1,1,-1,-1,13.97124101
1,1,-1,1,-1,-1,6.760207271
1,1,-1,1,-1,-1,6.636624422
1,1,-1,1,-1,-1,8.708705765
1,1,-1,1,-1,-1,6.32189887
1,1,-1,1,-1,-1,10.24366769
1,1,-1,1,-1,-1,9.988146803
1,1,-1,1,-1,-1,7.370346589
1,1,-1,1,-1,-1,11.56009338
1,1,-1,1,-1,-1,8.560812175
1,1,-1,1,-1,-1,8.542745963
1,1,-1,1,-1,-1,7.698544136
1,1,-1,1,-1,-1,15.8572922
1,1,-1,1,-1,-1,7.987238576
1,1,-1,1,-1,-1,9.160230717
1,1,-1,1,-1,-1,8.734358498
1,1,-1,1,-1,-1,8.617333847
1,1,-1,1,-1,-1,4.451964769
1,1,-1,1,-1,-1,9.396742891
1,1,-1,1,-1,-1,4.077266667
1,1,-1,1,-1,-1,11.01295812
1,1,-1,1,-1,-1,11.67145249
1,1,-1,1,-1,-1,3.611949493
1,1,-1,1,-1,-1,9.669802377
1,1,-1,1,-1,-1,5.850103701
1,1,-1,1,-1,-1,10.65150553
1,1,-1,1,-1,-1,9.640570205
1,1,-1,1,-1,-1,7.710397932
1,1,-1,1,-1,-1,1.570176796
1,1,-1,1,-1,-1,8.789952587
-1,-1,1,1,-1,-1,4.169925218
-1,-1,1,1,-1,-1,0.546863377
-1,-1,1,1,-1,-1,0.253089844
-1,-1,1,1,-1,-1,0.163050297
-1,-1,1,1,-1,-1,0.822119855
-1,-1,1,1,-1,-1,2.626773861
-1,-1,1,1,-1,-1,8.48103306
-1,-1,1,1,-1,-1,1.022500417
-1,-1,1,1,-1,-1,2.785164774
-1,-1,1,1,-1,-1,1.253289491
-1,-1,1,1,-1,-1,0.476414655
-1,-1,1,1,-1,-1,0.10673384
-1,-1,1,1,-1,-1,3.119466841
-1,-1,1,1,-1,-1,3.050920347
-1,-1,1,1,-1,-1,0.089708929
-1,-1,1,1,-1,-1,4.661310256
-1,-1,1,1,-1,-1,5.517244786
-1,-1,1,1,-1,-1,6.018119097
-1,-1,1,1,-1,-1,1.699408622
-1,-1,1,1,-1,-1,2.641608207
-1,-1,1,1,-1,-1,2.307843599
-1,-1,1,1,-1,-1,3.646419561
-1,-1,1,1,-1,-1,0.53085759
-1,-1,1,1,-1,-1,0.157355054
-1,-1,1,1,-1,-1,5.982266131
-1,-1,1,1,-1,-1,0.837553294
-1,-1,1,1,-1,-1,1.667729994
-1,-1,1,1,-1,-1,0.533653001
-1,-1,1,1,-1,-1,5.462135034
-1,-1,1,1,-1,-1,1.984996507
-1,-1,1,1,-1,-1,3.914592396
-1,-1,1,1,-1,-1,4.451003398
-1,-1,1,1,-1,-1,4.226466116
-1,-1,1,1,-1,-1,1.610226143
-1,-1,1,1,-1,-1,2.035703961
-1,-1,1,1,-1,-1,2.386356829
-1,-1,1,1,-1,-1,0.479980584
-1,-1,1,1,-1,-1,0.160988735
-1,-1,1,1,-1,-1,4.808365925
-1,-1,1,1,-1,-1,0.09261252
-1,-1,1,1,-1,-1,3.448814538
-1,-1,1,1,-1,-1,2.44319495
-1,-1,1,1,-1,-1,1.434320454
-1,-1,1,1,-1,-1,1.832886111
-1,-1,1,1,-1,-1,2.759097235
-1,-1,1,1,-1,-1,4.365534772
-1,-1,1,1,-1,-1,1.710775995
-1,-1,1,1,-1,-1,2.72742486
-1,-1,1,1,-1,-1,5.117532303
-1,-1,1,1,-1,-1,2.265235168
1,-1,1,1,-1,-1,2.26381021
1,-1,1,1,-1,-1,7.067993602
1,-1,1,1,-1,-1,3.405700408
1,-1,1,1,-1,-1,2.317946374
1,-1,1,1,-1,-1,2.089453445
1,-1,1,1,-1,-1,2.57365056
1,-1,1,1,-1,-1,1.402651359
1,-1,1,1,-1,-1,0.403139401
1,-1,1,1,-1,-1,1.110910776
1,-1,1,1,-1,-1,3.338220335
1,-1,1,1,-1,-1,0.358215935
1,-1,1,1,-1,-1,0.169601452
1,-1,1,1,-1,-1,1.233699425
1,-1,1,1,-1,-1,0.632837871
1,-1,1,1,-1,-1,0.257174365
1,-1,1,1,-1,-1,1.680504558
1,-1,1,1,-1,-1,0.27765061
1,-1,1,1,-1,-1,2.231415825
1,-1,1,1,-1,-1,1.883742584
1,-1,1,1,-1,-1,2.76441433
1,-1,1,1,-1,-1,0.726714888
1,-1,1,1,-1,-1,0.915353685
1,-1,1,1,-1,-1,2.546392953
1,-1,1,1,-1,-1,0.951373471
1,-1,1,1,-1,-1,0.983157945
1,-1,1,1,-1,-1,1.773944139
1,-1,1,1,-1,-1,0.4447001
1,-1,1,1,-1,-1,1.457999273
1,-1,1,1,-1,-1,2.010468956
1,-1,1,1,-1,-1,2.004377835
1,-1,1,1,-1,-1,1.562473878
1,-1,1,1,-1,-1,2.70093256
1,-1,1,1,-1,-1,2.26443172
1,-1,1,1,-1,-1,0.670812579
1,-1,1,1,-1,-1,0.148204687
1,-1,1,1,-1,-1,0.70554125
1,-1,1,1,-1,-1,1.633021827
1,-1,1,1,-1,-1,0.484218105
1,-1,1,1,-1,-1,3.329572313
1,-1,1,1,-1,-1,0.741328191
1,-1,1,1,-1,-1,1.925025324
1,-1,1,1,-1,-1,2.546748632
1,-1,1,1,-1,-1,0.60850464
1,-1,1,1,-1,-1,5.185633058
1,-1,1,1,-1,-1,0.950161209
1,-1,1,1,-1,-1,1.006645511
1,-1,1,1,-1,-1,1.576664263
1,-1,1,1,-1,-1,0.922855228
1,-1,1,1,-1,-1,1.84013173
1,-1,1,1,-1,-1,7.907107788
-1,1,1,1,-1,-1,4.102096916
-1,1,1,1,-1,-1,2.152937648
-1,1,1,1,-1,-1,2.629760889
-1,1,1,1,-1,-1,3.827796053
-1,1,1,1,-1,-1,2.983932941
-1,1,1,1,-1,-1,6.823641307
-1,1,1,1,-1,-1,1.140935426
-1,1,1,1,-1,-1,7.53966441
-1,1,1,1,-1,-1,6.857493004
-1,1,1,1,-1,-1,9.038561021
-1,1,1,1,-1,-1,6.373541666
-1,1,1,1,-1,-1,5.583655844
-1,1,1,1,-1,-1,3.968296399
-1,1,1,1,-1,-1,2.358925072
-1,1,1,1,-1,-1,11.45701495
-1,1,1,1,-1,-1,7.205692997
-1,1,1,1,-1,-1,1.910080514
-1,1,1,1,-1,-1,3.609418473
-1,1,1,1,-1,-1,3.780811681
-1,1,1,1,-1,-1,4.530524637
-1,1,1,1,-1,-1,7.318476797
-1,1,1,1,-1,-1,3.92393875
-1,1,1,1,-1,-1,6.182384546
-1,1,1,1,-1,-1,4.461492379
-1,1,1,1,-1,-1,0.574330424
-1,1,1,1,-1,-1,4.663990437
-1,1,1,1,-1,-1,5.361595401
-1,1,1,1,-1,-1,4.02030081
-1,1,1,1,-1,-1,2.153194127
-1,1,1,1,-1,-1,2.367743325
-1,1,1,1,-1,-1,5.447836438
-1,1,1,1,-1,-1,13.06304535
-1,1,1,1,-1,-1,3.663720212
-1,1,1,1,-1,-1,2.45116714
-1,1,1,1,-1,-1,4.030138576
-1,1,1,1,-1,-1,3.332802504
-1,1,1,1,-1,-1,4.223777252
-1,1,1,1,-1,-1,4.756139972
-1,1,1,1,-1,-1,6.011592088
-1,1,1,1,-1,-1,2.870399107
-1,1,1,1,-1,-1,5.173176263
-1,1,1,1,-1,-1,5.380536379
-1,1,1,1,-1,-1,9.283151033
-1,1,1,1,-1,-1,0.859532197
-1,1,1,1,-1,-1,1.029720146
-1,1,1,1,-1,-1,4.566748661
-1,1,1,1,-1,-1,10.90007022
-1,1,1,1,-1,-1,0.495376652
-1,1,1,1,-1,-1,11.68763547
-1,1,1,1,-1,-1,5.583971709
1,1,1,1,-1,-1,0.281425565
1,1,1,1,-1,-1,8.572971905
1,1,1,1,-1,-1,5.095987325
1,1,1,1,-1,-1,10.61872339
1,1,1,1,-1,-1,6.882184972
1,1,1,1,-1,-1,9.358597236
1,1,1,1,-1,-1,10.8489316
1,1,1,1,-1,-1,6.054447989
1,1,1,1,-1,-1,7.309676503
1,1,1,1,-1,-1,1.09586628
1,1,1,1,-1,-1,6.916755063
1,1,1,1,-1,-1,7.111572049
1,1,1,1,-1,-1,4.475814735
1,1,1,1,-1,-1,6.944926461
1,1,1,1,-1,-1,6.681692039
1,1,1,1,-1,-1,5.737431072
1,1,1,1,-1,-1,4.978489298
1,1,1,1,-1,-1,7.84905827
1,1,1,1,-1,-1,6.572151272
1,1,1,1,-1,-1,13.48019578
1,1,1,1,-1,-1,1.427464785
1,1,1,1,-1,-1,6.989831037
1,1,1,1,-1,-1,6.423683813
1,1,1,1,-1,-1,4.57695323
1,1,1,1,-1,-1,11.25637366
1,1,1,1,-1,-1,10.18854524
1,1,1,1,-1,-1,9.264528368
1,1,1,1,-1,-1,3.814563099
1,1,1,1,-1,-1,11.54595364
1,1,1,1,-1,-1,11.12581676
1,1,1,1,-1,-1,5.772136256
1,1,1,1,-1,-1,14.91079611
1,1,1,1,-1,-1,7.804308232
1,1,1,1,-1,-1,8.839203567
1,1,1,1,-1,-1,8.831699419
1,1,1,1,-1,-1,5.510592124
1,1,1,1,-1,-1,2.784326704
1,1,1,1,-1,-1,9.115185316
1,1,1,1,-1,-1,6.458095427
1,1,1,1,-1,-1,8.334543345
1,1,1,1,-1,-1,6.567639422
1,1,1,1,-1,-1,7.872313746
1,1,1,1,-1,-1,5.982510581
1,1,1,1,-1,-1,8.322022745
1,1,1,1,-1,-1,8.237585672
1,1,1,1,-1,-1,3.057577649
1,1,1,1,-1,-1,8.554029483
1,1,1,1,-1,-1,8.524430173
1,1,1,1,-1,-1,3.496671147
1,1,1,1,-1,-1,9.112785955
-1,-1,-1,-1,1,-1,5.575616103
-1,-1,-1,-1,1,-1,3.18637627
-1,-1,-1,-1,1,-1,7.047481978
-1,-1,-1,-1,1,-1,4.315127126
-1,-1,-1,-1,1,-1,3.023487705
-1,-1,-1,-1,1,-1,7.923709135
-1,-1,-1,-1,1,-1,0.40868009
-1,-1,-1,-1,1,-1,8.13719271
-1,-1,-1,-1,1,-1,2.462586485
-1,-1,-1,-1,1,-1,7.097107565
-1,-1,-1,-1,1,-1,0.538902132
-1,-1,-1,-1,1,-1,7.777556828
-1,-1,-1,-1,1,-1,5.150126122
-1,-1,-1,-1,1,-1,2.028873095
-1,-1,-1,-1,1,-1,3.238704062
-1,-1,-1,-1,1,-1,11.5629643
-1,-1,-1,-1,1,-1,5.755764647
-1,-1,-1,-1,1,-1,6.51795516
-1,-1,-1,-1,1,-1,2.35531863
-1,-1,-1,-1,1,-1,7.15020399
-1,-1,-1,-1,1,-1,1.62043368
-1,-1,-1,-1,1,-1,5.985777079
-1,-1,-1,-1,1,-1,8.908246723
-1,-1,-1,-1,1,-1,2.799534352
-1,-1,-1,-1,1,-1,8.537834045
-1,-1,-1,-1,1,-1,6.858515644
-1,-1,-1,-1,1,-1,5.896142007
-1,-1,-1,-1,1,-1,8.360011307
-1,-1,-1,-1,1,-1,2.669433078
-1,-1,-1,-1,1,-1,4.214970571
-1,-1,-1,-1,1,-1,5.89437261
-1,-1,-1,-1,1,-1,2.852239902
-1,-1,-1,-1,1,-1,2.825090186
-1,-1,-1,-1,1,-1,0.146855927
-1,-1,-1,-1,1,-1,6.287028337
-1,-1,-1,-1,1,-1,7.455309643
-1,-1,-1,-1,1,-1,9.432624028
-1,-1,-1,-1,1,-1,5.121816129
-1,-1,-1,-1,1,-1,1.645600586
-1,-1,-1,-1,1,-1,5.862601522
-1,-1,-1,-1,1,-1,5.872419932
-1,-1,-1,-1,1,-1,5.775536319
-1,-1,-1,-1,1,-1,4.701039428
-1,-1,-1,-1,1,-1,1.851125577
-1,-1,-1,-1,1,-1,1.400135675
-1,-1,-1,-1,1,-1,9.690031997
-1,-1,-1,-1,1,-1,0.762390449
-1,-1,-1,-1,1,-1,3.639471233
-1,-1,-1,-1,1,-1,5.105416762
-1,-1,-1,-1,1,-1,9.069812013
1,-1,-1,-1,1,-1,7.130841716
1,-1,-1,-1,1,-1,8.596878683
1,-1,-1,-1,1,-1,4.463790897
1,-1,-1,-1,1,-1,5.938555771
1,-1,-1,-1,1,-1,2.043563722
1,-1,-1,-1,1,-1,3.983221155
1,-1,-1,-1,1,-1,7.545507254
1,-1,-1,-1,1,-1,3.366632466
1,-1,-1,-1,1,-1,5.552633777
1,-1,-1,-1,1,-1,4.109105833
1,-1,-1,-1,1,-1,4.113315411
1,-1,-1,-1,1,-1,2.006724797
1,-1,-1,-1,1,-1,12.01716879
1,-1,-1,-1,1,-1,8.815735346
1,-1,-1,-1,1,-1,5.358604593
1,-1,-1,-1,1,-1,9.340491761
1,-1,-1,-1,1,-1,5.788337727
1,-1,-1,-1,1,-1,10.2694247
1,-1,-1,-1,1,-1,6.047676351
1,-1,-1,-1,1,-1,9.81535677
1,-1,-1,-1,1,-1,6.771555203
1,-1,-1,-1,1,-1,9.609197129
1,-1,-1,-1,1,-1,8.01470215
1,-1,-1,-1,1,-1,6.852112062
1,-1,-1,-1,1,-1,4.768328028
1,-1,-1,-1,1,-1,7.633815091
1,-1,-1,-1,1,-1,6.212471879
1,-1,-1,-1,1,-1,10.06088829
1,-1,-1,-1,1,-1,9.861226676
1,-1,-1,-1,1,-1,5.440476484
1,-1,-1,-1,1,-1,4.439027527
1,-1,-1,-1,1,-1,7.339156126
1,-1,-1,-1,1,-1,3.326951122
1,-1,-1,-1,1,-1,5.93285393
1,-1,-1,-1,1,-1,6.336275072
1,-1,-1,-1,1,-1,7.212067484
1,-1,-1,-1,1,-1,6.585064137
1,-1,-1,-1,1,-1,3.737119823
1,-1,-1,-1,1,-1,7.568916937
1,-1,-1,-1,1,-1,5.334327559
1,-1,-1,-1,1,-1,8.584212285
1,-1,-1,-1,1,-1,6.794438297
1,-1,-1,-1,1,-1,7.014792334
1,-1,-1,-1,1,-1,10.23931936
1,-1,-1,-1,1,-1,6.511926742
1,-1,-1,-1,1,-1,11.76573162
1,-1,-1,-1,1,-1,2.12293402
1,-1,-1,-1,1,-1,6.185721728
1,-1,-1,-1,1,-1,4.6538838
1,-1,-1,-1,1,-1,11.13718575
-1,1,-1,-1,1,-1,6.815998442
-1,1,-1,-1,1,-1,4.598559881
-1,1,-1,-1,1,-1,9.680072247
-1,1,-1,-1,1,-1,5.383899834
-1,1,-1,-1,1,-1,5.655226916
-1,1,-1,-1,1,-1,1.006990105
-1,1,-1,-1,1,-1,7.852673748
-1,1,-1,-1,1,-1,11.05482241
-1,1,-1,-1,1,-1,8.706185057
-1,1,-1,-1,1,-1,8.39313441
-1,1,-1,-1,1,-1,3.249348807
-1,1,-1,-1,1,-1,5.607146317
-1,1,-1,-1,1,-1,4.982947683
-1,1,-1,-1,1,-1,4.959728933
-1,1,-1,-1,1,-1,3.440500884
-1,1,-1,-1,1,-1,9.820895368
-1,1,-1,-1,1,-1,5.444448226
-1,1,-1,-1,1,-1,4.138270389
-1,1,-1,-1,1,-1,12.9447787
-1,1,-1,-1,1,-1,5.133857165
-1,1,-1,-1,1,-1,10.7594023
-1,1,-1,-1,1,-1,10.85924877
-1,1,-1,-1,1,-1,6.548279696
-1,1,-1,-1,1,-1,12.70864103
-1,1,-1,-1,1,-1,4.950158649
-1,1,-1,-1,1,-1,10.0502615
-1,1,-1,-1,1,-1,8.853858908
-1,1,-1,-1,1,-1,4.545594854
-1,1,-1,-1,1,-1,4.339233752
-1,1,-1,-1,1,-1,3.339648926
-1,1,-1,-1,1,-1,4.278899962
-1,1,-1,-1,1,-1,9.699784181
-1,1,-1,-1,1,-1,10.0293144
-1,1,-1,-1,1,-1,14.51036658
-1,1,-1,-1,1,-1,2.122140473
-1,1,-1,-1,1,-1,8.593395611
-1,1,-1,-1,1,-1,4.546764941
-1,1,-1,-1,1,-1,7.634939402
-1,1,-1,-1,1,-1,5.20979396
-1,1,-1,-1,1,-1,3.194333621
-1,1,-1,-1,1,-1,1.820597672
-1,1,-1,-1,1,-1,6.201417892
-1,1,-1,-1,1,-1,8.257560235
-1,1,-1,-1,1,-1,7.935837216
-1,1,-1,-1,1,-1,5.921181925
-1,1,-1,-1,1,-1,6.742621056
-1,1,-1,-1,1,-1,4.957271368
-1,1,-1,-1,1,-1,5.028902889
-1,1,-1,-1,1,-1,7.298053
-1,1,-1,-1,1,-1,8.144759212
1,1,-1,-1,1,-1,11.3170046
1,1,-1,-1,1,-1,11.56733992
1,1,-1,-1,1,-1,2.003235518
1,1,-1,-1,1,-1,4.307756341
1,1,-1,-1,1,-1,3.136894138
1,1,-1,-1,1,-1,8.833430094
1,1,-1,-1,1,-1,6.918932036
1,1,-1,-1,1,-1,8.898877123
1,1,-1,-1,1,-1,10.46470752
1,1,-1,-1,1,-1,8.169097558
1,1,-1,-1,1,-1,11.45893951
1,1,-1,-1,1,-1,11.18202351
1,1,-1,-1,1,-1,6.04150288
1,1,-1,-1,1,-1,13.26076614
1,1,-1,-1,1,-1,7.384646626
1,1,-1,-1,1,-1,6.811383329
1,1,-1,-1,1,-1,11.03417638
1,1,-1,-1,1,-1,3.277803129
1,1,-1,-1,1,-1,6.582680665
1,1,-1,-1,1,-1,2.846471964
1,1,-1,-1,1,-1,5.471809504
1,1,-1,-1,1,-1,7.652243026
1,1,-1,-1,1,-1,3.267542686
1,1,-1,-1,1,-1,4.639482915
1,1,-1,-1,1,-1,7.017724896
1,1,-1,-1,1,-1,6.732849769
1,1,-1,-1,1,-1,8.212300277
1,1,-1,-1,1,-1,5.096173752
1,1,-1,-1,1,-1,9.904315346
1,1,-1,-1,1,-1,9.675318876
1,1,-1,-1,1,-1,10.55873223
1,1,-1,-1,1,-1,9.499501005
1,1,-1,-1,1,-1,4.309881264
1,1,-1,-1,1,-1,5.909274322
1,1,-1,-1,1,-1,6.197785642
1,1,-1,-1,1,-1,7.48585536
1,1,-1,-1,1,-1,1.977638335
1,1,-1,-1,1,-1,7.122462755
1,1,-1,-1,1,-1,5.215906334
1,1,-1,-1,1,-1,10.92763327
1,1,-1,-1,1,-1,9.9789232
1,1,-1,-1,1,-1,6.803139782
1,1,-1,-1,1,-1,8.242373547
1,1,-1,-1,1,-1,14.85976547
1,1,-1,-1,1,-1,8.893217308
1,1,-1,-1,1,-1,6.606806177
1,1,-1,-1,1,-1,10.42787328
1,1,-1,-1,1,-1,3.312636316
1,1,-1,-1,1,-1,10.90109109
1,1,-1,-1,1,-1,13.27909826
-1,-1,1,-1,1,-1,4.707098027
-1,-1,1,-1,1,-1,0.021499274
-1,-1,1,-1,1,-1,2.557584121
-1,-1,1,-1,1,-1,1.472410795
-1,-1,1,-1,1,-1,1.464677025
-1,-1,1,-1,1,-1,3.404333047
-1,-1,1,-1,1,-1,0.76547601
-1,-1,1,-1,1,-1,3.276519741
-1,-1,1,-1,1,-1,0.675864486
-1,-1,1,-1,1,-1,2.208185914
-1,-1,1,-1,1,-1,1.873138044
-1,-1,1,-1,1,-1,5.660451879
-1,-1,1,-1,1,-1,1.195359244
-1,-1,1,-1,1,-1,3.594817733
-1,-1,1,-1,1,-1,2.895653769
-1,-1,1,-1,1,-1,9.618478628
-1,-1,1,-1,1,-1,1.463107068
-1,-1,1,-1,1,-1,3.444934676
-1,-1,1,-1,1,-1,0.735280726
-1,-1,1,-1,1,-1,2.364655888
-1,-1,1,-1,1,-1,0.204924142
-1,-1,1,-1,1,-1,0.126265927
-1,-1,1,-1,1,-1,3.290247366
-1,-1,1,-1,1,-1,2.12651921
-1,-1,1,-1,1,-1,4.248261943
-1,-1,1,-1,1,-1,2.630076472
-1,-1,1,-1,1,-1,4.327338966
-1,-1,1,-1,1,-1,5.633581711
-1,-1,1,-1,1,-1,0.332480277
-1,-1,1,-1,1,-1,0.756038179
-1,-1,1,-1,1,-1,5.049314234
-1,-1,1,-1,1,-1,3.217509423
-1,-1,1,-1,1,-1,6.52558389
-1,-1,1,-1,1,-1,0.686539643
-1,-1,1,-1,1,-1,5.612449173
-1,-1,1,-1,1,-1,5.422597281
-1,-1,1,-1,1,-1,0.097036339
-1,-1,1,-1,1,-1,1.262059935
-1,-1,1,-1,1,-1,0.541686342
-1,-1,1,-1,1,-1,4.118114897
-1,-1,1,-1,1,-1,3.078805733
-1,-1,1,-1,1,-1,4.941057776
-1,-1,1,-1,1,-1,6.121425067
-1,-1,1,-1,1,-1,1.221534219
-1,-1,1,-1,1,-1,4.288922816
-1,-1,1,-1,1,-1,4.994412393
-1,-1,1,-1,1,-1,1.915348686
-1,-1,1,-1,1,-1,0.430607893
-1,-1,1,-1,1,-1,2.823116369
-1,-1,1,-1,1,-1,0.384472828
1,-1,1,-1,1,-1,0.578919123
1,-1,1,-1,1,-1,5.652914562
1,-1,1,-1,1,-1,9.194410631
1,-1,1,-1,1,-1,3.881208452
1,-1,1,-1,1,-1,2.285444664
1,-1,1,-1,1,-1,2.424235504
1,-1,1,-1,1,-1,2.94200728
1,-1,1,-1,1,-1,1.587767985
1,-1,1,-1,1,-1,2.830037266
1,-1,1,-1,1,-1,4.449632918
1,-1,1,-1,1,-1,6.671931698
1,-1,1,-1,1,-1,2.69613705
1,-1,1,-1,1,-1,1.731758696
1,-1,1,-1,1,-1,8.945661236
1,-1,1,-1,1,-1,0.570712428
1,-1,1,-1,1,-1,3.80592408
1,-1,1,-1,1,-1,3.645336729
1,-1,1,-1,1,-1,5.145572509
1,-1,1,-1,1,-1,8.090110207
1,-1,1,-1,1,-1,1.907864716
1,-1,1,-1,1,-1,2.661009431
1,-1,1,-1,1,-1,1.675381454
1,-1,1,-1,1,-1,2.51806976
1,-1,1,-1,1,-1,7.125179652
1,-1,1,-1,1,-1,3.283285815
1,-1,1,-1,1,-1,1.380225858
1,-1,1,-1,1,-1,5.434428154
1,-1,1,-1,1,-1,4.492947115
1,-1,1,-1,1,-1,6.692251731
1,-1,1,-1,1,-1,0.902152939
1,-1,1,-1,1,-1,0.706013407
1,-1,1,-1,1,-1,4.316910857
1,-1,1,-1,1,-1,5.161917904
1,-1,1,-1,1,-1,1.009240245
1,-1,1,-1,1,-1,4.860259324
1,-1,1,-1,1,-1,0.892146021
1,-1,1,-1,1,-1,2.039182259
1,-1,1,-1,1,-1,6.372108935
1,-1,1,-1,1,-1,6.159363231
1,-1,1,-1,1,-1,7.193756051
1,-1,1,-1,1,-1,4.326045738
1,-1,1,-1,1,-1,2.141071739
1,-1,1,-1,1,-1,6.365616641
1,-1,1,-1,1,-1,6.116224762
1,-1,1,-1,1,-1,5.516251851
1,-1,1,-1,1,-1,3.8243742
1,-1,1,-1,1,-1,4.553231697
1,-1,1,-1,1,-1,2.82772303
1,-1,1,-1,1,-1,7.075859184
1,-1,1,-1,1,-1,2.32010538
-1,1,1,-1,1,-1,4.700224018
-1,1,1,-1,1,-1,3.188392378
-1,1,1,-1,1,-1,7.37483664
-1,1,1,-1,1,-1,1.632320387
-1,1,1,-1,1,-1,11.00513253
-1,1,1,-1,1,-1,4.187590838
-1,1,1,-1,1,-1,9.844750339
-1,1,1,-1,1,-1,6.793492687
-1,1,1,-1,1,-1,8.682549702
-1,1,1,-1,1,-1,0.921804209
-1,1,1,-1,1,-1,2.036807841
-1,1,1,-1,1,-1,1.412836507
-1,1,1,-1,1,-1,9.485014909
-1,1,1,-1,1,-1,4.498525541
-1,1,1,-1,1,-1,9.023448485
-1,1,1,-1,1,-1,6.287122223
-1,1,1,-1,1,-1,9.04417756
-1,1,1,-1,1,-1,6.449842965
-1,1,1,-1,1,-1,0.172002281
-1,1,1,-1,1,-1,5.606731996
-1,1,1,-1,1,-1,5.586275437
-1,1,1,-1,1,-1,3.781856791
-1,1,1,-1,1,-1,6.435772977
-1,1,1,-1,1,-1,5.580729044
-1,1,1,-1,1,-1,9.162842123
-1,1,1,-1,1,-1,5.58559598
-1,1,1,-1,1,-1,5.922509061
-1,1,1,-1,1,-1,4.395368371
-1,1,1,-1,1,-1,3.368628983
-1,1,1,-1,1,-1,2.907105114
-1,1,1,-1,1,-1,0.969649535
-1,1,1,-1,1,-1,6.392931765
-1,1,1,-1,1,-1,4.056748768
-1,1,1,-1,1,-1,5.014311755
-1,1,1,-1,1,-1,4.222752557
-1,1,1,-1,1,-1,1.049634998
-1,1,1,-1,1,-1,8.854362734
-1,1,1,-1,1,-1,3.480901789
-1,1,1,-1,1,-1,3.967164929
-1,1,1,-1,1,-1,10.70104568
-1,1,1,-1,1,-1,7.322962415
-1,1,1,-1,1,-1,8.695695498
-1,1,1,-1,1,-1,7.045109111
-1,1,1,-1,1,-1,4.31962685
-1,1,1,-1,1,-1,7.860424771
-1,1,1,-1,1,-1,2.955245269
-1,1,1,-1,1,-1,3.289280919
-1,1,1,-1,1,-1,1.84687972
-1,1,1,-1,1,-1,3.58286723
-1,1,1,-1,1,-1,5.791246938
1,1,1,-1,1,-1,11.00040505
1,1,1,-1,1,-1,10.87761025
1,1,1,-1,1,-1,6.207071573
1,1,1,-1,1,-1,9.148406575
1,1,1,-1,1,-1,6.436411932
1,1,1,-1,1,-1,5.942523256
1,1,1,-1,1,-1,6.526589616
1,1,1,-1,1,-1,4.626243471
1,1,1,-1,1,-1,2.050847766
1,1,1,-1,1,-1,7.943000102
1,1,1,-1,1,-1,6.310229181
1,1,1,-1,1,-1,6.636659086
1,1,1,-1,1,-1,10.91777825
1,1,1,-1,1,-1,10.74033185
1,1,1,-1,1,-1,13.39239564
1,1,1,-1,1,-1,6.946123978
1,1,1,-1,1,-1,13.19736302
1,1,1,-1,1,-1,10.81368097
1,1,1,-1,1,-1,2.776655462
1,1,1,-1,1,-1,9.526392767
1,1,1,-1,1,-1,9.014617519
1,1,1,-1,1,-1,8.403522213
1,1,1,-1,1,-1,7.945295887
1,1,1,-1,1,-1,7.202427477
1,1,1,-1,1,-1,8.362686552
1,1,1,-1,1,-1,7.389531959
1,1,1,-1,1,-1,4.215328759
1,1,1,-1,1,-1,8.160631798
1,1,1,-1,1,-1,10.87148203
1,1,1,-1,1,-1,9.414729613
1,1,1,-1,1,-1,6.890684942
1,1,1,-1,1,-1,10.75291277
1,1,1,-1,1,-1,7.585827968
1,1,1,-1,1,-1,2.882146501
1,1,1,-1,1,-1,4.265860803
1,1,1,-1,1,-1,5.599639785
1,1,1,-1,1,-1,10.12437498
1,1,1,-1,1,-1,7.035571987
1,1,1,-1,1,-1,9.783792307
1,1,1,-1,1,-1,11.69417581
1,1,1,-1,1,-1,2.450819154
1,1,1,-1,1,-1,13.54424452
1,1,1,-1,1,-1,7.164686772
1,1,1,-1,1,-1,3.326182312
1,1,1,-1,1,-1,7.478960217
1,1,1,-1,1,-1,4.26924077
1,1,1,-1,1,-1,8.102001076
1,1,1,-1,1,-1,5.854968166
1,1,1,-1,1,-1,9.04327185
1,1,1,-1,1,-1,7.816562608
-1,-1,-1,1,1,-1,3.416728366
-1,-1,-1,1,1,-1,2.72384028
-1,-1,-1,1,1,-1,5.499023002
-1,-1,-1,1,1,-1,2.96670476
-1,-1,-1,1,1,-1,1.925059169
-1,-1,-1,1,1,-1,1.957332326
-1,-1,-1,1,1,-1,2.321036553
-1,-1,-1,1,1,-1,8.894315144
-1,-1,-1,1,1,-1,1.815892008
-1,-1,-1,1,1,-1,6.131227873
-1,-1,-1,1,1,-1,2.959905091
-1,-1,-1,1,1,-1,9.144657327
-1,-1,-1,1,1,-1,2.855151744
-1,-1,-1,1,1,-1,4.106703522
-1,-1,-1,1,1,-1,5.178575189
-1,-1,-1,1,1,-1,4.548949688
-1,-1,-1,1,1,-1,1.668903406
-1,-1,-1,1,1,-1,6.197002239
-1,-1,-1,1,1,-1,4.275094118
-1,-1,-1,1,1,-1,0.169447482
-1,-1,-1,1,1,-1,3.798439536
-1,-1,-1,1,1,-1,0.399918004
-1,-1,-1,1,1,-1,9.782786487
-1,-1,-1,1,1,-1,10.37831743
-1,-1,-1,1,1,-1,7.935626289
-1,-1,-1,1,1,-1,4.18230831
-1,-1,-1,1,1,-1,1.650793285
-1,-1,-1,1,1,-1,3.088772862
-1,-1,-1,1,1,-1,4.63085501
-1,-1,-1,1,1,-1,5.672316026
-1,-1,-1,1,1,-1,3.960700841
-1,-1,-1,1,1,-1,6.534309937
-1,-1,-1,1,1,-1,12.86548604
-1,-1,-1,1,1,-1,4.524204779
-1,-1,-1,1,1,-1,6.220887121
-1,-1,-1,1,1,-1,0.501804504
-1,-1,-1,1,1,-1,5.431658763
-1,-1,-1,1,1,-1,0.037141196
-1,-1,-1,1,1,-1,9.353023912
-1,-1,-1,1,1,-1,7.670569576
-1,-1,-1,1,1,-1,8.35869096
-1,-1,-1,1,1,-1,7.152378387
-1,-1,-1,1,1,-1,6.098683751
-1,-1,-1,1,1,-1,5.670379275
-1,-1,-1,1,1,-1,10.56850314
-1,-1,-1,1,1,-1,3.413527508
-1,-1,-1,1,1,-1,5.479788187
-1,-1,-1,1,1,-1,6.379471194
-1,-1,-1,1,1,-1,5.349489087
-1,-1,-1,1,1,-1,1.091663228
1,-1,-1,1,1,-1,7.226006779
1,-1,-1,1,1,-1,9.029802729
1,-1,-1,1,1,-1,3.29671144
1,-1,-1,1,1,-1,4.480783035
1,-1,-1,1,1,-1,10.15484263
1,-1,-1,1,1,-1,10.05353273
1,-1,-1,1,1,-1,4.31230464
1,-1,-1,1,1,-1,5.335766154
1,-1,-1,1,1,-1,2.818991261
1,-1,-1,1,1,-1,6.188426789
1,-1,-1,1,1,-1,10.97252465
1,-1,-1,1,1,-1,10.50521606
1,-1,-1,1,1,-1,6.31968458
1,-1,-1,1,1,-1,13.554313
1,-1,-1,1,1,-1,7.654866409
1,-1,-1,1,1,-1,4.223998671
1,-1,-1,1,1,-1,4.233315315
1,-1,-1,1,1,-1,8.150110509
1,-1,-1,1,1,-1,9.415834466
1,-1,-1,1,1,-1,7.28056432
1,-1,-1,1,1,-1,8.248822471
1,-1,-1,1,1,-1,7.09137342
1,-1,-1,1,1,-1,6.881992726
1,-1,-1,1,1,-1,2.703808866
1,-1,-1,1,1,-1,4.542536208
1,-1,-1,1,1,-1,3.162452991
1,-1,-1,1,1,-1,6.031551681
1,-1,-1,1,1,-1,6.949292542
1,-1,-1,1,1,-1,4.856918685
1,-1,-1,1,1,-1,5.180817075
1,-1,-1,1,1,-1,7.630913556
1,-1,-1,1,1,-1,8.49898376
1,-1,-1,1,1,-1,4.877353967
1,-1,-1,1,1,-1,9.220346646
1,-1,-1,1,1,-1,6.585087806
1,-1,-1,1,1,-1,8.40068937
1,-1,-1,1,1,-1,12.45284262
1,-1,-1,1,1,-1,12.83832598
1,-1,-1,1,1,-1,8.409126186
1,-1,-1,1,1,-1,6.49378651
1,-1,-1,1,1,-1,12.52615023
1,-1,-1,1,1,-1,6.160443628
1,-1,-1,1,1,-1,3.299217546
1,-1,-1,1,1,-1,4.824855403
1,-1,-1,1,1,-1,4.613377895
1,-1,-1,1,1,-1,5.568664054
1,-1,-1,1,1,-1,12.6533605
1,-1,-1,1,1,-1,5.429369064
1,-1,-1,1,1,-1,9.443792262
1,-1,-1,1,1,-1,11.24648213
-1,1,-1,1,1,-1,8.250237018
-1,1,-1,1,1,-1,7.414530608
-1,1,-1,1,1,-1,2.25580565
-1,1,-1,1,1,-1,10.29477183
-1,1,-1,1,1,-1,2.743553626
-1,1,-1,1,1,-1,4.041526707
-1,1,-1,1,1,-1,4.251263368
-1,1,-1,1,1,-1,4.679073275
-1,1,-1,1,1,-1,5.00007875
-1,1,-1,1,1,-1,6.300597526
-1,1,-1,1,1,-1,5.813283469
-1,1,-1,1,1,-1,5.181176255
-1,1,-1,1,1,-1,8.373868064
-1,1,-1,1,1,-1,8.045725648
-1,1,-1,1,1,-1,2.656078926
-1,1,-1,1,1,-1,8.048566722
-1,1,-1,1,1,-1,5.554301815
-1,1,-1,1,1,-1,2.529433604
-1,1,-1,1,1,-1,4.081796758
-1,1,-1,1,1,-1,2.989950244
-1,1,-1,1,1,-1,4.659153829
-1,1,-1,1,1,-1,10.44405749
-1,1,-1,1,1,-1,0.454140669
-1,1,-1,1,1,-1,5.351462353
-1,1,-1,1,1,-1,8.141691288
-1,1,-1,1,1,-1,5.223873547
-1,1,-1,1,1,-1,8.063106093
-1,1,-1,1,1,-1,6.94158179
-1,1,-1,1,1,-1,6.092422317
-1,1,-1,1,1,-1,9.018548289
-1,1,-1,1,1,-1,4.447639858
-1,1,-1,1,1,-1,3.268510804
-1,1,-1,1,1,-1,9.939527609
-1,1,-1,1,1,-1,7.606696385
-1,1,-1,1,1,-1,4.041004064
-1,1,-1,1,1,-1,11.02036258
-1,1,-1,1,1,-1,4.448045768
-1,1,-1,1,1,-1,10.14539297
-1,1,-1,1,1,-1,8.865094476
-1,1,-1,1,1,-1,6.42653652
-1,1,-1,1,1,-1,6.900701902
-1,1,-1,1,1,-1,6.574638267
-1,1,-1,1,1,-1,7.280927269
-1,1,-1,1,1,-1,9.009625929
-1,1,-1,1,1,-1,6.043236247
-1,1,-1,1,1,-1,7.016916374
-1,1,-1,1,1,-1,4.186095107
-1,1,-1,1,1,-1,9.011645894
-1,1,-1,1,1,-1,2.2153375
-1,1,-1,1,1,-1,5.391230146
1,1,-1,1,1,-1,11.49546811
1,1,-1,1,1,-1,5.858278628
1,1,-1,1,1,-1,11.44601585
1,1,-1,1,1,-1,8.760186792
1,1,-1,1,1,-1,9.490695214
1,1,-1,1,1,-1,7.158464248
1,1,-1,1,1,-1,7.661904451
1,1,-1,1,1,-1,6.087407918
1,1,-1,1,1,-1,13.92419964
1,1,-1,1,1,-1,5.378751659
1,1,-1,1,1,-1,2.19100323
1,1,-1,1,1,-1,8.946653927
1,1,-1,1,1,-1,15.96250776
1,1,-1,1,1,-1,8.94033314
1,1,-1,1,1,-1,11.28735591
1,1,-1,1,1,-1,6.593767697
1,1,-1,1,1,-1,7.277456846
1,1,-1,1,1,-1,10.09455126
1,1,-1,1,1,-1,3.23635785
1,1,-1,1,1,-1,6.786139087
1,1,-1,1,1,-1,10.84510223
1,1,-1,1,1,-1,11.33346579
1,1,-1,1,1,-1,9.965064975
1,1,-1,1,1,-1,7.742174474
1,1,-1,1,1,-1,4.818289165
1,1,-1,1,1,-1,10.12342474
1,1,-1,1,1,-1,13.936022
1,1,-1,1,1,-1,8.838484141
1,1,-1,1,1,-1,8.928694462
1,1,-1,1,1,-1,9.056304519
1,1,-1,1,1,-1,12.25404268
1,1,-1,1,1,-1,8.510632967
1,1,-1,1,1,-1,8.077554556
1,1,-1,1,1,-1,3.750419249
1,1,-1,1,1,-1,14.42451708
1,1,-1,1,1,-1,4.766710659
1,1,-1,1,1,-1,4.011672214
1,1,-1,1,1,-1,8.117837556
1,1,-1,1,1,-1,4.051921907
1,1,-1,1,1,-1,9.869009202
1,1,-1,1,1,-1,10.52564487
1,1,-1,1,1,-1,7.219885114
1,1,-1,1,1,-1,12.62359886
1,1,-1,1,1,-1,9.307430484
1,1,-1,1,1,-1,12.07218912
1,1,-1,1,1,-1,9.04423895
1,1,-1,1,1,-1,11.27256905
1,1,-1,1,1,-1,2.201937866
1,1,-1,1,1,-1,8.259969324
1,1,-1,1,1,-1,4.751775743
-1,-1,1,1,1,-1,11.11348372
-1,-1,1,1,1,-1,0.581758378
-1,-1,1,1,1,-1,5.786526138
-1,-1,1,1,1,-1,0.028951125
-1,-1,1,1,1,-1,0.001086573
-1,-1,1,1,1,-1,0.749646413
-1,-1,1,1,1,-1,3.459927502
-1,-1,1,1,1,-1,2.016604792
-1,-1,1,1,1,-1,0.0294381
-1,-1,1,1,1,-1,0.606861541
-1,-1,1,1,1,-1,3.014806061
-1,-1,1,1,1,-1,0.565753361
-1,-1,1,1,1,-1,0.532794392
-1,-1,1,1,1,-1,3.093939496
-1,-1,1,1,1,-1,3.701472749
-1,-1,1,1,1,-1,2.826995472
-1,-1,1,1,1,-1,5.553200683
-1,-1,1,1,1,-1,5.458391836
-1,-1,1,1,1,-1,3.559017985
-1,-1,1,1,1,-1,2.396867455
-1,-1,1,1,1,-1,1.042579845
-1,-1,1,1,1,-1,3.44347853
-1,-1,1,1,1,-1,3.315197745
-1,-1,1,1,1,-1,0.276001654
-1,-1,1,1,1,-1,4.250944746
-1,-1,1,1,1,-1,1.255383437
-1,-1,1,1,1,-1,2.209021334
-1,-1,1,1,1,-1,1.464603779
-1,-1,1,1,1,-1,3.228121955
-1,-1,1,1,1,-1,4.161211468
-1,-1,1,1,1,-1,5.437823391
-1,-1,1,1,1,-1,8.715380629
-1,-1,1,1,1,-1,3.461111289
-1,-1,1,1,1,-1,2.740056132
-1,-1,1,1,1,-1,4.358348129
-1,-1,1,1,1,-1,5.471790379
-1,-1,1,1,1,-1,0.655698025
-1,-1,1,1,1,-1,2.808817725
-1,-1,1,1,1,-1,4.016693536
-1,-1,1,1,1,-1,6.467233945
-1,-1,1,1,1,-1,0.688925221
-1,-1,1,1,1,-1,3.553191012
-1,-1,1,1,1,-1,0.38056987
-1,-1,1,1,1,-1,4.904951857
-1,-1,1,1,1,-1,6.311370523
-1,-1,1,1,1,-1,5.11247617
-1,-1,1,1,1,-1,0.545450044
-1,-1,1,1,1,-1,1.131010781
-1,-1,1,1,1,-1,1.065780959
-1,-1,1,1,1,-1,7.644574794
1,-1,1,1,1,-1,4.818948464
1,-1,1,1,1,-1,0.434895309
1,-1,1,1,1,-1,9.292592295
1,-1,1,1,1,-1,4.297769022
1,-1,1,1,1,-1,7.628993668
1,-1,1,1,1,-1,5.674719281
1,-1,1,1,1,-1,3.884173603
1,-1,1,1,1,-1,2.128681154
1,-1,1,1,1,-1,6.196849207
1,-1,1,1,1,-1,0.757436573
1,-1,1,1,1,-1,1.64068198
1,-1,1,1,1,-1,4.58153305
1,-1,1,1,1,-1,2.772204039
1,-1,1,1,1,-1,2.499300783
1,-1,1,1,1,-1,0.174836594
1,-1,1,1,1,-1,1.987156803
1,-1,1,1,1,-1,4.50825395
1,-1,1,1,1,-1,0.498818561
1,-1,1,1,1,-1,4.137279092
1,-1,1,1,1,-1,2.966399958
1,-1,1,1,1,-1,10.29027253
1,-1,1,1,1,-1,3.390194752
1,-1,1,1,1,-1,2.067462449
1,-1,1,1,1,-1,0.577719693
1,-1,1,1,1,-1,2.084692346
1,-1,1,1,1,-1,4.919773217
1,-1,1,1,1,-1,1.324574568
1,-1,1,1,1,-1,3.17768534
1,-1,1,1,1,-1,2.946128949
1,-1,1,1,1,-1,3.650937611
1,-1,1,1,1,-1,2.354001713
1,-1,1,1,1,-1,1.505259908
1,-1,1,1,1,-1,4.905939059
1,-1,1,1,1,-1,0.281574442
1,-1,1,1,1,-1,4.31055681
1,-1,1,1,1,-1,3.50818152
1,-1,1,1,1,-1,3.151455447
1,-1,1,1,1,-1,5.525010133
1,-1,1,1,1,-1,3.211397034
1,-1,1,1,1,-1,1.606286048
1,-1,1,1,1,-1,2.089102847
1,-1,1,1,1,-1,2.965485208
1,-1,1,1,1,-1,1.49219699
1,-1,1,1,1,-1,3.131326366
1,-1,1,1,1,-1,1.651229523
1,-1,1,1,1,-1,6.927948272
1,-1,1,1,1,-1,2.13390738
1,-1,1,1,1,-1,5.991096694
1,-1,1,1,1,-1,5.810368654
1,-1,1,1,1,-1,1.031247485
-1,1,1,1,1,-1,3.933710565
-1,1,1,1,1,-1,4.850109963
-1,1,1,1,1,-1,5.966419215
-1,1,1,1,1,-1,8.839710724
-1,1,1,1,1,-1,2.001502612
-1,1,1,1,1,-1,2.875137818
-1,1,1,1,1,-1,4.616279356
-1,1,1,1,1,-1,4.546136974
-1,1,1,1,1,-1,4.75303144
-1,1,1,1,1,-1,2.515898157
-1,1,1,1,1,-1,8.418969079
-1,1,1,1,1,-1,4.710071206
-1,1,1,1,1,-1,3.049983374
-1,1,1,1,1,-1,6.261496951
-1,1,1,1,1,-1,9.210688893
-1,1,1,1,1,-1,6.435452557
-1,1,1,1,1,-1,8.814226653
-1,1,1,1,1,-1,9.364392459
-1,1,1,1,1,-1,0.105560189
-1,1,1,1,1,-1,5.547439843
-1,1,1,1,1,-1,6.922274803
-1,1,1,1,1,-1,6.289103188
-1,1,1,1,1,-1,1.481983202
-1,1,1,1,1,-1,4.952405218
-1,1,1,1,1,-1,2.554695584
-1,1,1,1,1,-1,7.41396982
-1,1,1,1,1,-1,1.855502458
-1,1,1,1,1,-1,5.266138281
-1,1,1,1,1,-1,2.434787683
-1,1,1,1,1,-1,7.73058551
-1,1,1,1,1,-1,7.793908873
-1,1,1,1,1,-1,9.365041444
-1,1,1,1,1,-1,7.613575074
-1,1,1,1,1,-1,7.842747761
-1,1,1,1,1,-1,0.42988377
-1,1,1,1,1,-1,8.136966556
-1,1,1,1,1,-1,6.119315037
-1,1,1,1,1,-1,6.652550782
-1,1,1,1,1,-1,7.007126751
-1,1,1,1,1,-1,8.370472918
-1,1,1,1,1,-1,4.328213469
-1,1,1,1,1,-1,3.99764278
-1,1,1,1,1,-1,4.152317129
-1,1,1,1,1,-1,7.40906162
-1,1,1,1,1,-1,10.69023465
-1,1,1,1,1,-1,10.20055791
-1,1,1,1,1,-1,3.75668247
-1,1,1,1,1,-1,6.760820764
-1,1,1,1,1,-1,4.441782997
-1,1,1,1,1,-1,3.720615779
1,1,1,1,1,-1,4.089038275
1,1,1,1,1,-1,6.933544725
1,1,1,1,1,-1,8.783253012
1,1,1,1,1,-1,8.273491393
1,1,1,1,1,-1,8.770644525
1,1,1,1,1,-1,12.93857803
1,1,1,1,1,-1,11.88492625
1,1,1,1,1,-1,11.34760557
1,1,1,1,1,-1,8.871708063
1,1,1,1,1,-1,6.995999092
1,1,1,1,1,-1,6.342630045
1,1,1,1,1,-1,12.56964914
1,1,1,1,1,-1,1.396488778
1,1,1,1,1,-1,11.10434825
1,1,1,1,1,-1,11.05210499
1,1,1,1,1,-1,4.558958506
1,1,1,1,1,-1,3.590031965
1,1,1,1,1,-1,5.390397277
1,1,1,1,1,-1,9.299470073
1,1,1,1,1,-1,6.368865125
1,1,1,1,1,-1,11.6268023
1,1,1,1,1,-1,5.969815124
1,1,1,1,1,-1,7.726499856
1,1,1,1,1,-1,6.829633326
1,1,1,1,1,-1,3.638440595
1,1,1,1,1,-1,11.87376542
1,1,1,1,1,-1,6.125504768
1,1,1,1,1,-1,12.39657249
1,1,1,1,1,-1,6.562662264
1,1,1,1,1,-1,4.699890655
1,1,1,1,1,-1,14.64355309
1,1,1,1,1,-1,4.995301388
1,1,1,1,1,-1,5.218325452
1,1,1,1,1,-1,16.14162326
1,1,1,1,1,-1,6.820968585
1,1,1,1,1,-1,7.285501501
1,1,1,1,1,-1,11.91021056
1,1,1,1,1,-1,7.10847648
1,1,1,1,1,-1,9.720333592
1,1,1,1,1,-1,12.3437447
1,1,1,1,1,-1,12.77868225
1,1,1,1,1,-1,6.290680952
1,1,1,1,1,-1,9.207834394
1,1,1,1,1,-1,11.86422491
1,1,1,1,1,-1,9.219568531
1,1,1,1,1,-1,7.868132995
1,1,1,1,1,-1,10.04961456
1,1,1,1,1,-1,7.418051025
1,1,1,1,1,-1,4.515394121
1,1,1,1,1,-1,7.891108916
-1,-1,-1,-1,-1,1,1.350665979
-1,-1,-1,-1,-1,1,1.873756419
-1,-1,-1,-1,-1,1,9.558223279
-1,-1,-1,-1,-1,1,3.325943098
-1,-1,-1,-1,-1,1,6.999656358
-1,-1,-1,-1,-1,1,2.828767119
-1,-1,-1,-1,-1,1,9.308740817
-1,-1,-1,-1,-1,1,6.182253032
-1,-1,-1,-1,-1,1,1.686948265
-1,-1,-1,-1,-1,1,4.464000472
-1,-1,-1,-1,-1,1,5.830092017
-1,-1,-1,-1,-1,1,2.484829985
-1,-1,-1,-1,-1,1,5.36924716
-1,-1,-1,-1,-1,1,5.668160409
-1,-1,-1,-1,-1,1,5.537705583
-1,-1,-1,-1,-1,1,6.113079403
-1,-1,-1,-1,-1,1,0.638564883
-1,-1,-1,-1,-1,1,6.954250095
-1,-1,-1,-1,-1,1,6.297627381
-1,-1,-1,-1,-1,1,3.250155452
-1,-1,-1,-1,-1,1,7.633414553
-1,-1,-1,-1,-1,1,3.842571939
-1,-1,-1,-1,-1,1,3.692658657
-1,-1,-1,-1,-1,1,5.732197684
-1,-1,-1,-1,-1,1,8.921347139
-1,-1,-1,-1,-1,1,3.443258236
-1,-1,-1,-1,-1,1,4.371445016
-1,-1,-1,-1,-1,1,3.621302823
-1,-1,-1,-1,-1,1,2.915698244
-1,-1,-1,-1,-1,1,3.650479816
-1,-1,-1,-1,-1,1,6.957193542
-1,-1,-1,-1,-1,1,5.645021375
-1,-1,-1,-1,-1,1,2.401689632
-1,-1,-1,-1,-1,1,0.311700641
-1,-1,-1,-1,-1,1,3.252041938
-1,-1,-1,-1,-1,1,8.592479369
-1,-1,-1,-1,-1,1,1.24515586
-1,-1,-1,-1,-1,1,4.550411621
-1,-1,-1,-1,-1,1,8.784699137
-1,-1,-1,-1,-1,1,8.273809692
-1,-1,-1,-1,-1,1,4.206748918
-1,-1,-1,-1,-1,1,3.750887294
-1,-1,-1,-1,-1,1,1.01922533
-1,-1,-1,-1,-1,1,6.821861303
-1,-1,-1,-1,-1,1,3.677158732
-1,-1,-1,-1,-1,1,7.498234855
-1,-1,-1,-1,-1,1,3.116711608
-1,-1,-1,-1,-1,1,0.438446278
-1,-1,-1,-1,-1,1,4.490574825
-1,-1,-1,-1,-1,1,3.019102349
1,-1,-1,-1,-1,1,2.482523815
1,-1,-1,-1,-1,1,5.63865942
1,-1,-1,-1,-1,1,9.154582872
1,-1,-1,-1,-1,1,4.302163514
1,-1,-1,-1,-1,1,4.13822168
1,-1,-1,-1,-1,1,7.743848323
1,-1,-1,-1,-1,1,5.329808509
1,-1,-1,-1,-1,1,8.890509039
1,-1,-1,-1,-1,1,10.19601362
1,-1,-1,-1,-1,1,6.610653793
1,-1,-1,-1,-1,1,3.562830082
1,-1,-1,-1,-1,1,8.34572721
1,-1,-1,-1,-1,1,5.930189747
1,-1,-1,-1,-1,1,9.819578187
1,-1,-1,-1,-1,1,2.775443318
1,-1,-1,-1,-1,1,5.808612969
1,-1,-1,-1,-1,1,6.642140549
1,-1,-1,-1,-1,1,10.22484332
1,-1,-1,-1,-1,1,6.848692208
1,-1,-1,-1,-1,1,8.598440346
1,-1,-1,-1,-1,1,4.522727463
1,-1,-1,-1,-1,1,8.749682827
1,-1,-1,-1,-1,1,6.407279252
1,-1,-1,-1,-1,1,7.016515229
1,-1,-1,-1,-1,1,5.496748687
1,-1,-1,-1,-1,1,5.213691426
1,-1,-1,-1,-1,1,8.941832782
1,-1,-1,-1,-1,1,2.819073796
1,-1,-1,-1,-1,1,4.507854326
1,-1,-1,-1,-1,1,3.351135538
1,-1,-1,-1,-1,1,8.367628591
1,-1,-1,-1,-1,1,11.49944253
1,-1,-1,-1,-1,1,7.231093471
1,-1,-1,-1,-1,1,10.22090552
1,-1,-1,-1,-1,1,11.41260244
1,-1,-1,-1,-1,1,10.45310395
1,-1,-1,-1,-1,1,2.373051742
1,-1,-1,-1,-1,1,8.0193201
1,-1,-1,-1,-1,1,9.051106307
1,-1,-1,-1,-1,1,9.549317531
1,-1,-1,-1,-1,1,5.443837659
1,-1,-1,-1,-1,1,9.612829439
1,-1,-1,-1,-1,1,0.631023535
1,-1,-1,-1,-1,1,3.41750208
1,-1,-1,-1,-1,1,7.225960886
1,-1,-1,-1,-1,1,5.957428952
1,-1,-1,-1,-1,1,3.0422221
1,-1,-1,-1,-1,1,1.357465423
1,-1,-1,-1,-1,1,1.493066023
1,-1,-1,-1,-1,1,8.037425123
-1,1,-1,-1,-1,1,3.399972921
-1,1,-1,-1,-1,1,1.566585271
-1,1,-1,-1,-1,1,3.120382262
-1,1,-1,-1,-1,1,2.700483676
-1,1,-1,-1,-1,1,9.166794155
-1,1,-1,-1,-1,1,3.303620315
-1,1,-1,-1,-1,1,1.646571902
-1,1,-1,-1,-1,1,0.655575401
-1,1,-1,-1,-1,1,6.535675902
-1,1,-1,-1,-1,1,10.14731244
-1,1,-1,-1,-1,1,6.695379562
-1,1,-1,-1,-1,1,7.972012579
-1,1,-1,-1,-1,1,1.489426639
-1,1,-1,-1,-1,1,6.227028858
-1,1,-1,-1,-1,1,3.583745725
-1,1,-1,-1,-1,1,4.222223512
-1,1,-1,-1,-1,1,5.735416664
-1,1,-1,-1,-1,1,4.307796527
-1,1,-1,-1,-1,1,5.503071981
-1,1,-1,-1,-1,1,1.418394507
-1,1,-1,-1,-1,1,5.104540393
-1,1,-1,-1,-1,1,2.781435377
-1,1,-1,-1,-1,1,3.336771674
-1,1,-1,-1,-1,1,6.05098606
-1,1,-1,-1,-1,1,5.932357484
-1,1,-1,-1,-1,1,9.451084805
-1,1,-1,-1,-1,1,9.73428051
-1,1,-1,-1,-1,1,2.647033635
-1,1,-1,-1,-1,1,4.030064062
-1,1,-1,-1,-1,1,1.418200885
-1,1,-1,-1,-1,1,4.312181369
-1,1,-1,-1,-1,1,4.672487527
-1,1,-1,-1,-1,1,8.99272937
-1,1,-1,-1,-1,1,7.326440821
-1,1,-1,-1,-1,1,5.893207964
-1,1,-1,-1,-1,1,8.517847063
-1,1,-1,-1,-1,1,1.829190851
-1,1,-1,-1,-1,1,1.587427286
-1,1,-1,-1,-1,1,1.775719544
-1,1,-1,-1,-1,1,1.311056871
-1,1,-1,-1,-1,1,9.17776344
-1,1,-1,-1,-1,1,5.817461543
-1,1,-1,-1,-1,1,7.000144285
-1,1,-1,-1,-1,1,5.251184121
-1,1,-1,-1,-1,1,5.00969325
-1,1,-1,-1,-1,1,3.880444119
-1,1,-1,-1,-1,1,4.649829428
-1,1,-1,-1,-1,1,5.680866734
-1,1,-1,-1,-1,1,4.409636413
-1,1,-1,-1,-1,1,8.482924623
1,1,-1,-1,-1,1,9.44527582
1,1,-1,-1,-1,1,5.741859272
1,1,-1,-1,-1,1,2.057407371
1,1,-1,-1,-1,1,9.459839397
1,1,-1,-1,-1,1,13.04062561
1,1,-1,-1,-1,1,6.686117287
1,1,-1,-1,-1,1,1.808281843
1,1,-1,-1,-1,1,2.220839815
1,1,-1,-1,-1,1,5.583143023
1,1,-1,-1,-1,1,5.042574988
1,1,-1,-1,-1,1,6.023360445
1,1,-1,-1,-1,1,7.075796835
1,1,-1,-1,-1,1,9.317386243
1,1,-1,-1,-1,1,9.032041221
1,1,-1,-1,-1,1,13.46157304
1,1,-1,-1,-1,1,4.222348186
1,1,-1,-1,-1,1,6.246402936
1,1,-1,-1,-1,1,0.439114481
1,1,-1,-1,-1,1,5.958668358
1,1,-1,-1,-1,1,8.543162653
1,1,-1,-1,-1,1,6.041028451
1,1,-1,-1,-1,1,8.389721095
1,1,-1,-1,-1,1,8.41053602
1,1,-1,-1,-1,1,6.770983243
1,1,-1,-1,-1,1,10.10706961
1,1,-1,-1,-1,1,4.215501105
1,1,-1,-1,-1,1,2.747389889
1,1,-1,-1,-1,1,0.263903533
1,1,-1,-1,-1,1,10.38862288
1,1,-1,-1,-1,1,11.9429487
1,1,-1,-1,-1,1,6.527998997
1,1,-1,-1,-1,1,7.939875401
1,1,-1,-1,-1,1,11.21340144
1,1,-1,-1,-1,1,7.006426161
1,1,-1,-1,-1,1,5.577141866
1,1,-1,-1,-1,1,10.75193706
1,1,-1,-1,-1,1,7.539448356
1,1,-1,-1,-1,1,11.414255
1,1,-1,-1,-1,1,7.601602841
1,1,-1,-1,-1,1,7.131556422
1,1,-1,-1,-1,1,8.83590651
1,1,-1,-1,-1,1,10.1599462
1,1,-1,-1,-1,1,7.080010038
1,1,-1,-1,-1,1,6.478826409
1,1,-1,-1,-1,1,4.659929422
1,1,-1,-1,-1,1,7.184545426
1,1,-1,-1,-1,1,3.231698944
1,1,-1,-1,-1,1,10.92505675
1,1,-1,-1,-1,1,4.563207158
1,1,-1,-1,-1,1,10.35497495
-1,-1,1,-1,-1,1,0.146310873
-1,-1,1,-1,-1,1,3.590592866
-1,-1,1,-1,-1,1,1.593125142
-1,-1,1,-1,-1,1,1.135027333
-1,-1,1,-1,-1,1,2.532849114
-1,-1,1,-1,-1,1,9.29404748
-1,-1,1,-1,-1,1,5.654154275
-1,-1,1,-1,-1,1,1.078047893
-1,-1,1,-1,-1,1,4.462131361
-1,-1,1,-1,-1,1,1.381740804
-1,-1,1,-1,-1,1,5.167034856
-1,-1,1,-1,-1,1,3.144897133
-1,-1,1,-1,-1,1,3.280109567
-1,-1,1,-1,-1,1,1.941894017
-1,-1,1,-1,-1,1,3.708786786
-1,-1,1,-1,-1,1,5.658870308
-1,-1,1,-1,-1,1,4.804637213
-1,-1,1,-1,-1,1,1.489822907
-1,-1,1,-1,-1,1,4.879387294
-1,-1,1,-1,-1,1,0.424535714
-1,-1,1,-1,-1,1,0.896730466
-1,-1,1,-1,-1,1,7.544407027
-1,-1,1,-1,-1,1,0.385659004
-1,-1,1,-1,-1,1,5.914019539
-1,-1,1,-1,-1,1,1.539096424
-1,-1,1,-1,-1,1,2.575903851
-1,-1,1,-1,-1,1,6.795640642
-1,-1,1,-1,-1,1,0.838638668
-1,-1,1,-1,-1,1,1.30845328
-1,-1,1,-1,-1,1,2.030087888
-1,-1,1,-1,-1,1,3.063634328
-1,-1,1,-1,-1,1,3.367991666
-1,-1,1,-1,-1,1,3.389923398
-1,-1,1,-1,-1,1,4.800824675
-1,-1,1,-1,-1,1,0.568950359
-1,-1,1,-1,-1,1,1.608875958
-1,-1,1,-1,-1,1,0.310208018
-1,-1,1,-1,-1,1,7.56907859
-1,-1,1,-1,-1,1,4.792208479
-1,-1,1,-1,-1,1,0.645785089
-1,-1,1,-1,-1,1,0.502722067
-1,-1,1,-1,-1,1,0.872589735
-1,-1,1,-1,-1,1,3.577400134
-1,-1,1,-1,-1,1,3.051004584
-1,-1,1,-1,-1,1,3.210566752
-1,-1,1,-1,-1,1,2.414565598
-1,-1,1,-1,-1,1,3.378666695
-1,-1,1,-1,-1,1,0.40625926
-1,-1,1,-1,-1,1,0.733177928
-1,-1,1,-1,-1,1,3.370652341
1,-1,1,-1,-1,1,1.261392438
1,-1,1,-1,-1,1,4.219732399
1,-1,1,-1,-1,1,3.909934021
1,-1,1,-1,-1,1,1.190460374
1,-1,1,-1,-1,1,2.78016148
1,-1,1,-1,-1,1,1.829647175
1,-1,1,-1,-1,1,5.222180903
1,-1,1,-1,-1,1,3.68330199
1,-1,1,-1,-1,1,0.793964047
1,-1,1,-1,-1,1,4.3997891
1,-1,1,-1,-1,1,0.412353176
1,-1,1,-1,-1,1,1.341415076
1,-1,1,-1,-1,1,3.688643204
1,-1,1,-1,-1,1,5.901854804
1,-1,1,-1,-1,1,3.627467157
1,-1,1,-1,-1,1,2.008143404
1,-1,1,-1,-1,1,3.722980758
1,-1,1,-1,-1,1,0.088021091
1,-1,1,-1,-1,1,3.167049174
1,-1,1,-1,-1,1,6.198547668
1,-1,1,-1,-1,1,3.221968251
1,-1,1,-1,-1,1,2.625068251
1,-1,1,-1,-1,1,0.541078112
1,-1,1,-1,-1,1,0.648498007
1,-1,1,-1,-1,1,2.415189295
1,-1,1,-1,-1,1,2.988660727
1,-1,1,-1,-1,1,0.341376287
1,-1,1,-1,-1,1,0.237990052
1,-1,1,-1,-1,1,1.634541606
1,-1,1,-1,-1,1,2.006676828
1,-1,1,-1,-1,1,1.24669285
1,-1,1,-1,-1,1,0.473101567
1,-1,1,-1,-1,1,0.707103508
1,-1,1,-1,-1,1,2.090197395
1,-1,1,-1,-1,1,0.348313113
1,-1,1,-1,-1,1,5.978680315
1,-1,1,-1,-1,1,1.208631507
1,-1,1,-1,-1,1,2.795028461
1,-1,1,-1,-1,1,1.977192939
1,-1,1,-1,-1,1,1.158793867
1,-1,1,-1,-1,1,6.612040702
1,-1,1,-1,-1,1,1.255969711
1,-1,1,-1,-1,1,1.628412609
1,-1,1,-1,-1,1,1.725462636
1,-1,1,-1,-1,1,6.007808601
1,-1,1,-1,-1,1,2.897367593
1,-1,1,-1,-1,1,4.054157605
1,-1,1,-1,-1,1,3.317077567
1,-1,1,-1,-1,1,2.367370768
1,-1,1,-1,-1,1,0.608825284
-1,1,1,-1,-1,1,4.807977473
-1,1,1,-1,-1,1,0.009511578
-1,1,1,-1,-1,1,4.255331217
-1,1,1,-1,-1,1,0.59131595
-1,1,1,-1,-1,1,2.877740537
-1,1,1,-1,-1,1,0.45117936
-1,1,1,-1,-1,1,9.169951774
-1,1,1,-1,-1,1,6.742335554
-1,1,1,-1,-1,1,0.529592598
-1,1,1,-1,-1,1,8.968416281
-1,1,1,-1,-1,1,3.3243685
-1,1,1,-1,-1,1,5.731018189
-1,1,1,-1,-1,1,1.322992472
-1,1,1,-1,-1,1,11.42450763
-1,1,1,-1,-1,1,2.140102796
-1,1,1,-1,-1,1,7.015181026
-1,1,1,-1,-1,1,8.2852301
-1,1,1,-1,-1,1,8.263708613
-1,1,1,-1,-1,1,7.479301111
-1,1,1,-1,-1,1,9.688078355
-1,1,1,-1,-1,1,9.720034705
-1,1,1,-1,-1,1,9.58584602
-1,1,1,-1,-1,1,6.721689023
-1,1,1,-1,-1,1,3.069665906
-1,1,1,-1,-1,1,10.86573011
-1,1,1,-1,-1,1,12.74977469
-1,1,1,-1,-1,1,7.466969144
-1,1,1,-1,-1,1,6.203557031
-1,1,1,-1,-1,1,3.778767499
-1,1,1,-1,-1,1,4.854635149
-1,1,1,-1,-1,1,2.720418418
-1,1,1,-1,-1,1,1.680425786
-1,1,1,-1,-1,1,2.605563248
-1,1,1,-1,-1,1,4.666104087
-1,1,1,-1,-1,1,7.973990848
-1,1,1,-1,-1,1,5.083203893
-1,1,1,-1,-1,1,4.276903818
-1,1,1,-1,-1,1,6.158966753
-1,1,1,-1,-1,1,6.265591862
-1,1,1,-1,-1,1,7.743668938
-1,1,1,-1,-1,1,4.297282624
-1,1,1,-1,-1,1,6.330215065
-1,1,1,-1,-1,1,1.445783773
-1,1,1,-1,-1,1,4.428393043
-1,1,1,-1,-1,1,3.015271856
-1,1,1,-1,-1,1,3.512590864
-1,1,1,-1,-1,1,9.420491121
-1,1,1,-1,-1,1,4.295672217
-1,1,1,-1,-1,1,2.148972589
-1,1,1,-1,-1,1,4.16655565
1,1,1,-1,-1,1,10.61635167
1,1,1,-1,-1,1,6.494077236
1,1,1,-1,-1,1,10.17792863
1,1,1,-1,-1,1,9.843585094
1,1,1,-1,-1,1,4.182603196
1,1,1,-1,-1,1,7.060060914
1,1,1,-1,-1,1,8.262537959
1,1,1,-1,-1,1,3.659990799
1,1,1,-1,-1,1,7.649364276
1,1,1,-1,-1,1,8.250868361
1,1,1,-1,-1,1,9.064822533
1,1,1,-1,-1,1,10.33862834
1,1,1,-1,-1,1,7.410828088
1,1,1,-1,-1,1,9.120843257
1,1,1,-1,-1,1,6.63223634
1,1,1,-1,-1,1,0.927460054
1,1,1,-1,-1,1,2.091311545
1,1,1,-1,-1,1,5.959336021
1,1,1,-1,-1,1,2.202245939
1,1,1,-1,-1,1,6.796818185
1,1,1,-1,-1,1,5.788246833
1,1,1,-1,-1,1,8.506026795
1,1,1,-1,-1,1,9.342676313
1,1,1,-1,-1,1,2.373645773
1,1,1,-1,-1,1,7.366356359
1,1,1,-1,-1,1,11.72352017
1,1,1,-1,-1,1,9.311639165
1,1,1,-1,-1,1,5.836117614
1,1,1,-1,-1,1,3.937648072
1,1,1,-1,-1,1,7.372923192
1,1,1,-1,-1,1,3.649125377
1,1,1,-1,-1,1,4.375008493
1,1,1,-1,-1,1,7.755640449
1,1,1,-1,-1,1,10.34607317
1,1,1,-1,-1,1,6.396239623
1,1,1,-1,-1,1,7.745920402
1,1,1,-1,-1,1,6.497013036
1,1,1,-1,-1,1,10.53893955
1,1,1,-1,-1,1,8.158766931
1,1,1,-1,-1,1,4.961943583
1,1,1,-1,-1,1,7.97788161
1,1,1,-1,-1,1,4.182348873
1,1,1,-1,-1,1,8.518843719
1,1,1,-1,-1,1,6.037877203
1,1,1,-1,-1,1,4.016292168
1,1,1,-1,-1,1,4.153938973
1,1,1,-1,-1,1,6.979705808
1,1,1,-1,-1,1,7.467663175
1,1,1,-1,-1,1,8.441924085
1,1,1,-1,-1,1,7.17080287
-1,-1,-1,1,-1,1,2.824537807
-1,-1,-1,1,-1,1,1.780520767
-1,-1,-1,1,-1,1,1.483950862
-1,-1,-1,1,-1,1,7.935595442
-1,-1,-1,1,-1,1,1.193949152
-1,-1,-1,1,-1,1,7.535823522
-1,-1,-1,1,-1,1,2.66548754
-1,-1,-1,1,-1,1,8.735388549
-1,-1,-1,1,-1,1,0.314687004
-1,-1,-1,1,-1,1,2.440599309
-1,-1,-1,1,-1,1,1.732148408
-1,-1,-1,1,-1,1,1.212307745
-1,-1,-1,1,-1,1,8.663821834
-1,-1,-1,1,-1,1,7.120732898
-1,-1,-1,1,-1,1,2.06914222
-1,-1,-1,1,-1,1,8.497681666
-1,-1,-1,1,-1,1,1.760785805
-1,-1,-1,1,-1,1,3.389700771
-1,-1,-1,1,-1,1,4.109674038
-1,-1,-1,1,-1,1,0.395923673
-1,-1,-1,1,-1,1,1.316568029
-1,-1,-1,1,-1,1,3.326232367
-1,-1,-1,1,-1,1,5.059995368
-1,-1,-1,1,-1,1,3.74637158
-1,-1,-1,1,-1,1,4.327646082
-1,-1,-1,1,-1,1,2.082284751
-1,-1,-1,1,-1,1,4.601766562
-1,-1,-1,1,-1,1,3.315456878
-1,-1,-1,1,-1,1,3.884868494
-1,-1,-1,1,-1,1,9.047146434
-1,-1,-1,1,-1,1,11.22225983
-1,-1,-1,1,-1,1,1.876742324
-1,-1,-1,1,-1,1,2.873805554
-1,-1,-1,1,-1,1,4.260272313
-1,-1,-1,1,-1,1,5.834248477
-1,-1,-1,1,-1,1,4.490002596
-1,-1,-1,1,-1,1,1.195509594
-1,-1,-1,1,-1,1,1.82350046
-1,-1,-1,1,-1,1,0.624153
-1,-1,-1,1,-1,1,2.237863992
-1,-1,-1,1,-1,1,1.238056909
-1,-1,-1,1,-1,1,7.747394852
-1,-1,-1,1,-1,1,4.682691783
-1,-1,-1,1,-1,1,1.384167126
-1,-1,-1,1,-1,1,11.26239839
-1,-1,-1,1,-1,1,6.385378265
-1,-1,-1,1,-1,1,5.413137515
-1,-1,-1,1,-1,1,4.283000482
-1,-1,-1,1,-1,1,0.440266319
-1,-1,-1,1,-1,1,0.027490479
1,-1,-1,1,-1,1,6.53064541
1,-1,-1,1,-1,1,9.001099254
1,-1,-1,1,-1,1,3.687871784
1,-1,-1,1,-1,1,4.161368703
1,-1,-1,1,-1,1,0.795932717
1,-1,-1,1,-1,1,6.902449397
1,-1,-1,1,-1,1,8.546642396
1,-1,-1,1,-1,1,3.492555001
1,-1,-1,1,-1,1,5.681316601
1,-1,-1,1,-1,1,2.417728569
1,-1,-1,1,-1,1,4.167057908
1,-1,-1,1,-1,1,7.88696208
1,-1,-1,1,-1,1,10.08063907
1,-1,-1,1,-1,1,7.675560605
1,-1,-1,1,-1,1,5.117082274
1,-1,-1,1,-1,1,6.760732774
1,-1,-1,1,-1,1,7.332651674
1,-1,-1,1,-1,1,1.170083013
1,-1,-1,1,-1,1,0.118573389
1,-1,-1,1,-1,1,7.288199494
1,-1,-1,1,-1,1,7.64449905
1,-1,-1,1,-1,1,12.6053074
1,-1,-1,1,-1,1,10.53097354
1,-1,-1,1,-1,1,4.456340383
1,-1,-1,1,-1,1,0.505136475
1,-1,-1,1,-1,1,4.911791721
1,-1,-1,1,-1,1,3.268226625
1,-1,-1,1,-1,1,0.589050837
1,-1,-1,1,-1,1,3.355429692
1,-1,-1,1,-1,1,3.528463155
1,-1,-1,1,-1,1,7.126931524
1,-1,-1,1,-1,1,5.356618137
1,-1,-1,1,-1,1,4.622802307
1,-1,-1,1,-1,1,13.77078556
1,-1,-1,1,-1,1,6.564706776
1,-1,-1,1,-1,1,4.335155125
1,-1,-1,1,-1,1,6.419683297
1,-1,-1,1,-1,1,9.464576825
1,-1,-1,1,-1,1,3.861748717
1,-1,-1,1,-1,1,11.82670375
1,-1,-1,1,-1,1,8.295706837
1,-1,-1,1,-1,1,0.110341094
1,-1,-1,1,-1,1,9.232386326
1,-1,-1,1,-1,1,6.479572604
1,-1,-1,1,-1,1,3.160347666
1,-1,-1,1,-1,1,4.756588159
1,-1,-1,1,-1,1,0.391519287
1,-1,-1,1,-1,1,6.921412188
1,-1,-1,1,-1,1,9.47136092
1,-1,-1,1,-1,1,6.083216622
-1,1,-1,1,-1,1,4.52943968
-1,1,-1,1,-1,1,4.879318798
-1,1,-1,1,-1,1,3.662366538
-1,1,-1,1,-1,1,13.65724641
-1,1,-1,1,-1,1,4.035764578
-1,1,-1,1,-1,1,7.075781187
-1,1,-1,1,-1,1,7.491429676
-1,1,-1,1,-1,1,9.46104037
-1,1,-1,1,-1,1,8.340361595
-1,1,-1,1,-1,1,0.970295388
-1,1,-1,1,-1,1,4.271807089
-1,1,-1,1,-1,1,6.492697831
-1,1,-1,1,-1,1,7.705398006
-1,1,-1,1,-1,1,5.367451172
-1,1,-1,1,-1,1,6.819082866
-1,1,-1,1,-1,1,4.811317906
-1,1,-1,1,-1,1,2.902784897
-1,1,-1,1,-1,1,1.644374387
-1,1,-1,1,-1,1,2.644463079
-1,1,-1,1,-1,1,4.537644588
-1,1,-1,1,-1,1,6.431820557
-1,1,-1,1,-1,1,3.760815785
-1,1,-1,1,-1,1,8.413798074
-1,1,-1,1,-1,1,3.877963305
-1,1,-1,1,-1,1,7.256418372
-1,1,-1,1,-1,1,2.817398306
-1,1,-1,1,-1,1,3.402008462
-1,1,-1,1,-1,1,8.427695474
-1,1,-1,1,-1,1,9.596755472
-1,1,-1,1,-1,1,7.075579175
-1,1,-1,1,-1,1,7.086007269
-1,1,-1,1,-1,1,2.15747507
-1,1,-1,1,-1,1,5.30923611
-1,1,-1,1,-1,1,1.533584818
-1,1,-1,1,-1,1,5.658422009
-1,1,-1,1,-1,1,0.420649616
-1,1,-1,1,-1,1,5.675396023
-1,1,-1,1,-1,1,6.808590698
-1,1,-1,1,-1,1,3.501914661
-1,1,-1,1,-1,1,10.81224786
-1,1,-1,1,-1,1,0.711350316
-1,1,-1,1,-1,1,7.574990997
-1,1,-1,1,-1,1,1.495468805
-1,1,-1,1,-1,1,1.205716382
-1,1,-1,1,-1,1,2.060221669
-1,1,-1,1,-1,1,2.230801993
-1,1,-1,1,-1,1,8.139183472
-1,1,-1,1,-1,1,9.280766104
-1,1,-1,1,-1,1,9.129057065
-1,1,-1,1,-1,1,6.026094785
1,1,-1,1,-1,1,4.12180022
1,1,-1,1,-1,1,2.935765322
1,1,-1,1,-1,1,1.366179591
1,1,-1,1,-1,1,12.51171224
1,1,-1,1,-1,1,3.547249193
1,1,-1,1,-1,1,11.35041949
1,1,-1,1,-1,1,3.802985521
1,1,-1,1,-1,1,8.347718943
1,1,-1,1,-1,1,3.581114921
1,1,-1,1,-1,1,4.705456566
1,1,-1,1,-1,1,9.373794772
1,1,-1,1,-1,1,8.370580058
1,1,-1,1,-1,1,5.493907817
1,1,-1,1,-1,1,10.83106843
1,1,-1,1,-1,1,5.285815742
1,1,-1,1,-1,1,1.950655695
1,1,-1,1,-1,1,0.934098574
1,1,-1,1,-1,1,9.648600659
1,1,-1,1,-1,1,10.30205165
1,1,-1,1,-1,1,8.421918455
1,1,-1,1,-1,1,8.942320171
1,1,-1,1,-1,1,6.052697484
1,1,-1,1,-1,1,5.598364899
1,1,-1,1,-1,1,5.363650443
1,1,-1,1,-1,1,7.882308592
1,1,-1,1,-1,1,9.124454577
1,1,-1,1,-1,1,2.917759591
1,1,-1,1,-1,1,8.096122689
1,1,-1,1,-1,1,3.24241526
1,1,-1,1,-1,1,6.029723752
1,1,-1,1,-1,1,8.610872169
1,1,-1,1,-1,1,8.636467425
1,1,-1,1,-1,1,7.857919668
1,1,-1,1,-1,1,6.020187064
1,1,-1,1,-1,1,7.550535354
1,1,-1,1,-1,1,5.953599893
1,1,-1,1,-1,1,15.03213553
1,1,-1,1,-1,1,5.392193104
1,1,-1,1,-1,1,4.437868458
1,1,-1,1,-1,1,6.336978349
1,1,-1,1,-1,1,10.56087111
1,1,-1,1,-1,1,4.41188309
1,1,-1,1,-1,1,10.94096927
1,1,-1,1,-1,1,8.621476495
1,1,-1,1,-1,1,7.344243939
1,1,-1,1,-1,1,4.929349858
1,1,-1,1,-1,1,10.97695153
1,1,-1,1,-1,1,3.168778686
1,1,-1,1,-1,1,11.37607874
1,1,-1,1,-1,1,14.45458434
-1,-1,1,1,-1,1,1.628891893
-1,-1,1,1,-1,1,1.733878528
-1,-1,1,1,-1,1,1.958296833
-1,-1,1,1,-1,1,0.918869461
-1,-1,1,1,-1,1,2.956977931
-1,-1,1,1,-1,1,1.916830191
-1,-1,1,1,-1,1,0.869522348
-1,-1,1,1,-1,1,3.928676514
-1,-1,1,1,-1,1,0.195611061
-1,-1,1,1,-1,1,1.202726894
-1,-1,1,1,-1,1,4.537727821
-1,-1,1,1,-1,1,1.319123509
-1,-1,1,1,-1,1,0.843102264
-1,-1,1,1,-1,1,0.316523289
-1,-1,1,1,-1,1,1.567721899
-1,-1,1,1,-1,1,5.096277221
-1,-1,1,1,-1,1,2.653124289
-1,-1,1,1,-1,1,3.318191769
-1,-1,1,1,-1,1,0.973558443
-1,-1,1,1,-1,1,1.506646055
-1,-1,1,1,-1,1,0.082149024
-1,-1,1,1,-1,1,6.279621536
-1,-1,1,1,-1,1,2.829274817
-1,-1,1,1,-1,1,2.373980795
-1,-1,1,1,-1,1,0.657389246
-1,-1,1,1,-1,1,7.220914057
-1,-1,1,1,-1,1,1.765363543
-1,-1,1,1,-1,1,1.184118244
-1,-1,1,1,-1,1,6.077724824
-1,-1,1,1,-1,1,4.822495624
-1,-1,1,1,-1,1,1.549009949
-1,-1,1,1,-1,1,3.274687201
-1,-1,1,1,-1,1,1.036598049
-1,-1,1,1,-1,1,1.341341189
-1,-1,1,1,-1,1,1.711146508
-1,-1,1,1,-1,1,1.674258688
-1,-1,1,1,-1,1,4.206736169
-1,-1,1,1,-1,1,2.075024904
-1,-1,1,1,-1,1,3.757372557
-1,-1,1,1,-1,1,1.470140938
-1,-1,1,1,-1,1,0.344415342
-1,-1,1,1,-1,1,2.053388385
-1,-1,1,1,-1,1,1.482215611
-1,-1,1,1,-1,1,6.198459765
-1,-1,1,1,-1,1,1.113879568
-1,-1,1,1,-1,1,0.588703486
-1,-1,1,1,-1,1,1.399447005
-1,-1,1,1,-1,1,1.891743133
-1,-1,1,1,-1,1,4.334116916
-1,-1,1,1,-1,1,1.016419048
1,-1,1,1,-1,1,0.480343189
1,-1,1,1,-1,1,1.582235091
1,-1,1,1,-1,1,6.933708199
1,-1,1,1,-1,1,2.248283025
1,-1,1,1,-1,1,5.406651636
1,-1,1,1,-1,1,0.568211921
1,-1,1,1,-1,1,2.842985646
1,-1,1,1,-1,1,0.764169218
1,-1,1,1,-1,1,4.303438241
1,-1,1,1,-1,1,1.75668786
1,-1,1,1,-1,1,7.194385748
1,-1,1,1,-1,1,1.90696942
1,-1,1,1,-1,1,4.378217857
1,-1,1,1,-1,1,0.986115409
1,-1,1,1,-1,1,7.003569956
1,-1,1,1,-1,1,2.808216147
1,-1,1,1,-1,1,2.569116735
1,-1,1,1,-1,1,2.684941537
1,-1,1,1,-1,1,6.854851812
1,-1,1,1,-1,1,4.025228201
1,-1,1,1,-1,1,7.720642781
1,-1,1,1,-1,1,2.053654122
1,-1,1,1,-1,1,0.780156692
1,-1,1,1,-1,1,2.116241642
1,-1,1,1,-1,1,1.517661291
1,-1,1,1,-1,1,8.639184622
1,-1,1,1,-1,1,5.478194789
1,-1,1,1,-1,1,8.962839206
1,-1,1,1,-1,1,0.772655693
1,-1,1,1,-1,1,2.629924053
1,-1,1,1,-1,1,5.05648989
1,-1,1,1,-1,1,6.127549548
1,-1,1,1,-1,1,1.499726498
1,-1,1,1,-1,1,1.633821484
1,-1,1,1,-1,1,1.181529946
1,-1,1,1,-1,1,0.298733128
1,-1,1,1,-1,1,2.887707969
1,-1,1,1,-1,1,2.898905986
1,-1,1,1,-1,1,0.45554164
1,-1,1,1,-1,1,6.287939256
1,-1,1,1,-1,1,3.341375844
1,-1,1,1,-1,1,1.67597148
1,-1,1,1,-1,1,1.535649194
1,-1,1,1,-1,1,5.659567485
1,-1,1,1,-1,1,3.0464357
1,-1,1,1,-1,1,1.040340074
1,-1,1,1,-1,1,5.151810304
1,-1,1,1,-1,1,2.117384666
1,-1,1,1,-1,1,2.925196452
1,-1,1,1,-1,1,4.612651865
-1,1,1,1,-1,1,5.748027395
-1,1,1,1,-1,1,4.22482477
-1,1,1,1,-1,1,3.08733753
-1,1,1,1,-1,1,0.820963057
-1,1,1,1,-1,1,8.048835637
-1,1,1,1,-1,1,5.15710457
-1,1,1,1,-1,1,1.097281372
-1,1,1,1,-1,1,1.59988193
-1,1,1,1,-1,1,13.24224995
-1,1,1,1,-1,1,8.551390403
-1,1,1,1,-1,1,12.15460492
-1,1,1,1,-1,1,0.691969209
-1,1,1,1,-1,1,0.81176191
-1,1,1,1,-1,1,3.261276886
-1,1,1,1,-1,1,0.13955262
-1,1,1,1,-1,1,4.897901413
-1,1,1,1,-1,1,5.235516856
-1,1,1,1,-1,1,1.427047967
-1,1,1,1,-1,1,3.073023913
-1,1,1,1,-1,1,1.81283177
-1,1,1,1,-1,1,2.299285762
-1,1,1,1,-1,1,9.264164509
-1,1,1,1,-1,1,3.62404101
-1,1,1,1,-1,1,4.778627051
-1,1,1,1,-1,1,3.165476874
-1,1,1,1,-1,1,0.519462266
-1,1,1,1,-1,1,2.809565042
-1,1,1,1,-1,1,4.917148265
-1,1,1,1,-1,1,13.11530406
-1,1,1,1,-1,1,6.94128037
-1,1,1,1,-1,1,4.128112672
-1,1,1,1,-1,1,6.268450567
-1,1,1,1,-1,1,4.409302963
-1,1,1,1,-1,1,0.9704393
-1,1,1,1,-1,1,8.372323411
-1,1,1,1,-1,1,1.799462465
-1,1,1,1,-1,1,1.26634973
-1,1,1,1,-1,1,7.455841156
-1,1,1,1,-1,1,4.21555891
-1,1,1,1,-1,1,5.460193412
-1,1,1,1,-1,1,7.646114191
-1,1,1,1,-1,1,5.125261754
-1,1,1,1,-1,1,2.886076566
-1,1,1,1,-1,1,0.872235619
-1,1,1,1,-1,1,6.026565156
-1,1,1,1,-1,1,4.937599759
-1,1,1,1,-1,1,3.223817115
-1,1,1,1,-1,1,10.32889535
-1,1,1,1,-1,1,7.939843566
-1,1,1,1,-1,1,4.926704968
1,1,1,1,-1,1,8.566922647
1,1,1,1,-1,1,6.396024797
1,1,1,1,-1,1,9.240520866
1,1,1,1,-1,1,11.21608393
1,1,1,1,-1,1,10.11849745
1,1,1,1,-1,1,8.963999946
1,1,1,1,-1,1,2.929395449
1,1,1,1,-1,1,7.934926988
1,1,1,1,-1,1,8.220524986
1,1,1,1,-1,1,3.458852196
1,1,1,1,-1,1,12.21458603
1,1,1,1,-1,1,7.428146875
1,1,1,1,-1,1,8.914297085
1,1,1,1,-1,1,12.61240235
1,1,1,1,-1,1,4.501692536
1,1,1,1,-1,1,9.070211104
1,1,1,1,-1,1,11.48825006
1,1,1,1,-1,1,9.836069979
1,1,1,1,-1,1,12.17292806
1,1,1,1,-1,1,5.856823875
1,1,1,1,-1,1,8.382426215
1,1,1,1,-1,1,6.897660439
1,1,1,1,-1,1,9.507798854
1,1,1,1,-1,1,5.89027741
1,1,1,1,-1,1,11.06826355
1,1,1,1,-1,1,6.827347684
1,1,1,1,-1,1,7.722729155
1,1,1,1,-1,1,11.73948419
1,1,1,1,-1,1,5.050182732
1,1,1,1,-1,1,1.252990978
1,1,1,1,-1,1,6.233388563
1,1,1,1,-1,1,7.653107232
1,1,1,1,-1,1,6.432481657
1,1,1,1,-1,1,5.709919762
1,1,1,1,-1,1,7.736173393
1,1,1,1,-1,1,4.673027901
1,1,1,1,-1,1,7.113006989
1,1,1,1,-1,1,6.909041101
1,1,1,1,-1,1,3.274689196
1,1,1,1,-1,1,8.286139283
1,1,1,1,-1,1,7.046400472
1,1,1,1,-1,1,9.105981455
1,1,1,1,-1,1,6.219915129
1,1,1,1,-1,1,6.988327028
1,1,1,1,-1,1,3.983434539
1,1,1,1,-1,1,10.37787536
1,1,1,1,-1,1,3.489262389
1,1,1,1,-1,1,5.99881523
1,1,1,1,-1,1,11.522395
1,1,1,1,-1,1,6.865756841
-1,-1,-1,-1,1,1,6.028315293
-1,-1,-1,-1,1,1,3.475325649
-1,-1,-1,-1,1,1,1.935907771
-1,-1,-1,-1,1,1,2.508803106
-1,-1,-1,-1,1,1,4.744002868
-1,-1,-1,-1,1,1,5.614430268
-1,-1,-1,-1,1,1,0.108179594
-1,-1,-1,-1,1,1,3.928456347
-1,-1,-1,-1,1,1,11.2798458
-1,-1,-1,-1,1,1,8.583567805
-1,-1,-1,-1,1,1,5.612348208
-1,-1,-1,-1,1,1,10.35615687
-1,-1,-1,-1,1,1,9.485661904
-1,-1,-1,-1,1,1,2.499309189
-1,-1,-1,-1,1,1,4.883335192
-1,-1,-1,-1,1,1,13.50321677
-1,-1,-1,-1,1,1,8.015288956
-1,-1,-1,-1,1,1,4.337420978
-1,-1,-1,-1,1,1,1.95009154
-1,-1,-1,-1,1,1,6.755447663
-1,-1,-1,-1,1,1,3.500856521
-1,-1,-1,-1,1,1,11.33429488
-1,-1,-1,-1,1,1,5.296176473
-1,-1,-1,-1,1,1,4.125817844
-1,-1,-1,-1,1,1,3.049683443
-1,-1,-1,-1,1,1,5.878265852
-1,-1,-1,-1,1,1,3.331728174
-1,-1,-1,-1,1,1,10.78018776
-1,-1,-1,-1,1,1,6.889000445
-1,-1,-1,-1,1,1,3.940629793
-1,-1,-1,-1,1,1,2.308445888
-1,-1,-1,-1,1,1,4.935478914
-1,-1,-1,-1,1,1,6.035817761
-1,-1,-1,-1,1,1,5.18630842
-1,-1,-1,-1,1,1,10.42133385
-1,-1,-1,-1,1,1,3.900020316
-1,-1,-1,-1,1,1,4.700072978
-1,-1,-1,-1,1,1,5.271078407
-1,-1,-1,-1,1,1,5.454954969
-1,-1,-1,-1,1,1,6.2313199
-1,-1,-1,-1,1,1,8.905852867
-1,-1,-1,-1,1,1,5.10188346
-1,-1,-1,-1,1,1,5.866042796
-1,-1,-1,-1,1,1,1.43733079
-1,-1,-1,-1,1,1,8.54899153
-1,-1,-1,-1,1,1,6.621148392
-1,-1,-1,-1,1,1,12.11926854
-1,-1,-1,-1,1,1,9.369273473
-1,-1,-1,-1,1,1,9.232530098
-1,-1,-1,-1,1,1,0.867860489
1,-1,-1,-1,1,1,7.307234162
1,-1,-1,-1,1,1,7.605780213
1,-1,-1,-1,1,1,2.125111957
1,-1,-1,-1,1,1,1.833810609
1,-1,-1,-1,1,1,6.066412858
1,-1,-1,-1,1,1,10.00115321
1,-1,-1,-1,1,1,7.065463451
1,-1,-1,-1,1,1,13.18510576
1,-1,-1,-1,1,1,8.542763354
1,-1,-1,-1,1,1,3.412351245
1,-1,-1,-1,1,1,2.589881826
1,-1,-1,-1,1,1,4.741132991
1,-1,-1,-1,1,1,7.042009018
1,-1,-1,-1,1,1,8.316716624
1,-1,-1,-1,1,1,1.94340789
1,-1,-1,-1,1,1,5.116852111
1,-1,-1,-1,1,1,8.303889161
1,-1,-1,-1,1,1,7.249749459
1,-1,-1,-1,1,1,6.386180445
1,-1,-1,-1,1,1,6.588572331
1,-1,-1,-1,1,1,7.369675416
1,-1,-1,-1,1,1,6.613574525
1,-1,-1,-1,1,1,4.994920107
1,-1,-1,-1,1,1,1.025711126
1,-1,-1,-1,1,1,9.543898459
1,-1,-1,-1,1,1,3.799061549
1,-1,-1,-1,1,1,0.31464501
1,-1,-1,-1,1,1,2.491460622
1,-1,-1,-1,1,1,11.26393701
1,-1,-1,-1,1,1,11.51014107
1,-1,-1,-1,1,1,4.058435649
1,-1,-1,-1,1,1,6.525669116
1,-1,-1,-1,1,1,3.550531671
1,-1,-1,-1,1,1,7.130488104
1,-1,-1,-1,1,1,10.75601023
1,-1,-1,-1,1,1,7.942617983
1,-1,-1,-1,1,1,13.59573339
1,-1,-1,-1,1,1,8.55627747
1,-1,-1,-1,1,1,3.795199177
1,-1,-1,-1,1,1,10.86399609
1,-1,-1,-1,1,1,1.840988463
1,-1,-1,-1,1,1,9.652712197
1,-1,-1,-1,1,1,6.846271979
1,-1,-1,-1,1,1,3.132892782
1,-1,-1,-1,1,1,1.006378409
1,-1,-1,-1,1,1,5.01341506
1,-1,-1,-1,1,1,8.786740138
1,-1,-1,-1,1,1,2.202495883
1,-1,-1,-1,1,1,7.640247429
1,-1,-1,-1,1,1,5.963874583
-1,1,-1,-1,1,1,3.2602917
-1,1,-1,-1,1,1,6.385529176
-1,1,-1,-1,1,1,14.66080494
-1,1,-1,-1,1,1,7.555416726
-1,1,-1,-1,1,1,7.200947207
-1,1,-1,-1,1,1,7.31929789
-1,1,-1,-1,1,1,5.7480778
-1,1,-1,-1,1,1,6.940196086
-1,1,-1,-1,1,1,5.049842308
-1,1,-1,-1,1,1,6.278231648
-1,1,-1,-1,1,1,10.55929056
-1,1,-1,-1,1,1,5.735226323
-1,1,-1,-1,1,1,0.582912465
-1,1,-1,-1,1,1,2.803256914
-1,1,-1,-1,1,1,17.40129486
-1,1,-1,-1,1,1,12.41162185
-1,1,-1,-1,1,1,3.657530882
-1,1,-1,-1,1,1,5.972026593
-1,1,-1,-1,1,1,11.86171933
-1,1,-1,-1,1,1,4.741727849
-1,1,-1,-1,1,1,3.961970889
-1,1,-1,-1,1,1,7.72140706
-1,1,-1,-1,1,1,8.409369688
-1,1,-1,-1,1,1,3.156078996
-1,1,-1,-1,1,1,8.503496057
-1,1,-1,-1,1,1,4.441806869
-1,1,-1,-1,1,1,4.180302591
-1,1,-1,-1,1,1,8.686848335
-1,1,-1,-1,1,1,6.31521386
-1,1,-1,-1,1,1,6.268569877
-1,1,-1,-1,1,1,1.768614735
-1,1,-1,-1,1,1,6.941758594
-1,1,-1,-1,1,1,10.34284829
-1,1,-1,-1,1,1,5.558666962
-1,1,-1,-1,1,1,0.146768488
-1,1,-1,-1,1,1,5.072888711
-1,1,-1,-1,1,1,2.284807822
-1,1,-1,-1,1,1,0.886025204
-1,1,-1,-1,1,1,8.905188181
-1,1,-1,-1,1,1,10.58037559
-1,1,-1,-1,1,1,3.239780203
-1,1,-1,-1,1,1,6.762978389
-1,1,-1,-1,1,1,8.622173362
-1,1,-1,-1,1,1,6.045584504
-1,1,-1,-1,1,1,6.651697417
-1,1,-1,-1,1,1,7.843246145
-1,1,-1,-1,1,1,4.493259185
-1,1,-1,-1,1,1,5.492122826
-1,1,-1,-1,1,1,1.49296184
-1,1,-1,-1,1,1,9.213129448
1,1,-1,-1,1,1,8.313455615
1,1,-1,-1,1,1,8.178913652
1,1,-1,-1,1,1,5.75403548
1,1,-1,-1,1,1,2.913945889
1,1,-1,-1,1,1,4.648047036
1,1,-1,-1,1,1,13.15439161
1,1,-1,-1,1,1,7.266961484
1,1,-1,-1,1,1,5.376073503
1,1,-1,-1,1,1,5.711910394
1,1,-1,-1,1,1,8.507075245
1,1,-1,-1,1,1,8.517252212
1,1,-1,-1,1,1,10.3849274
1,1,-1,-1,1,1,8.34311662
1,1,-1,-1,1,1,11.00142438
1,1,-1,-1,1,1,7.262911104
1,1,-1,-1,1,1,6.8340008
1,1,-1,-1,1,1,12.6336659
1,1,-1,-1,1,1,3.148319521
1,1,-1,-1,1,1,5.017602947
1,1,-1,-1,1,1,3.118403912
1,1,-1,-1,1,1,5.728409309
1,1,-1,-1,1,1,8.703588047
1,1,-1,-1,1,1,10.96576547
1,1,-1,-1,1,1,9.709884585
1,1,-1,-1,1,1,8.872781231
1,1,-1,-1,1,1,14.64600613
1,1,-1,-1,1,1,7.612913139
1,1,-1,-1,1,1,12.9780019
1,1,-1,-1,1,1,8.898086886
1,1,-1,-1,1,1,6.049985649
1,1,-1,-1,1,1,5.858239924
1,1,-1,-1,1,1,12.58015853
1,1,-1,-1,1,1,6.882726414
1,1,-1,-1,1,1,4.235949472
1,1,-1,-1,1,1,12.4530644
1,1,-1,-1,1,1,9.737739664
1,1,-1,-1,1,1,11.21227418
1,1,-1,-1,1,1,6.127450935
1,1,-1,-1,1,1,6.387562288
1,1,-1,-1,1,1,6.252611868
1,1,-1,-1,1,1,6.880773421
1,1,-1,-1,1,1,6.908838385
1,1,-1,-1,1,1,10.7639721
1,1,-1,-1,1,1,5.88532303
1,1,-1,-1,1,1,6.284450997
1,1,-1,-1,1,1,3.436294692
1,1,-1,-1,1,1,3.991317842
1,1,-1,-1,1,1,5.582862207
1,1,-1,-1,1,1,4.106132289
1,1,-1,-1,1,1,6.556901958
-1,-1,1,-1,1,1,2.233174699
-1,-1,1,-1,1,1,6.214871059
-1,-1,1,-1,1,1,2.752034385
-1,-1,1,-1,1,1,0.839346652
-1,-1,1,-1,1,1,5.234246053
-1,-1,1,-1,1,1,2.76425608
-1,-1,1,-1,1,1,0.001075906
-1,-1,1,-1,1,1,1.561611632
-1,-1,1,-1,1,1,1.438470339
-1,-1,1,-1,1,1,0.060969168
-1,-1,1,-1,1,1,2.608315467
-1,-1,1,-1,1,1,1.45810967
-1,-1,1,-1,1,1,6.607891415
-1,-1,1,-1,1,1,2.941114393
-1,-1,1,-1,1,1,4.91114394
-1,-1,1,-1,1,1,1.191679532
-1,-1,1,-1,1,1,1.053323158
-1,-1,1,-1,1,1,7.744300193
-1,-1,1,-1,1,1,10.6754697
-1,-1,1,-1,1,1,2.560593726
-1,-1,1,-1,1,1,0.995091996
-1,-1,1,-1,1,1,1.04932598
-1,-1,1,-1,1,1,3.352677932
-1,-1,1,-1,1,1,0.305808705
-1,-1,1,-1,1,1,2.872711442
-1,-1,1,-1,1,1,4.043009829
-1,-1,1,-1,1,1,3.408333894
-1,-1,1,-1,1,1,2.550309578
-1,-1,1,-1,1,1,5.197395888
-1,-1,1,-1,1,1,2.93072835
-1,-1,1,-1,1,1,4.710108501
-1,-1,1,-1,1,1,2.707933452
-1,-1,1,-1,1,1,1.189100022
-1,-1,1,-1,1,1,0.612952848
-1,-1,1,-1,1,1,2.035526206
-1,-1,1,-1,1,1,3.178093292
-1,-1,1,-1,1,1,1.863398244
-1,-1,1,-1,1,1,6.726370422
-1,-1,1,-1,1,1,6.841491729
-1,-1,1,-1,1,1,5.515627915
-1,-1,1,-1,1,1,2.45465223
-1,-1,1,-1,1,1,1.304421142
-1,-1,1,-1,1,1,1.822370987
-1,-1,1,-1,1,1,3.358335
-1,-1,1,-1,1,1,3.383397769
-1,-1,1,-1,1,1,0.687649218
-1,-1,1,-1,1,1,0.45342629
-1,-1,1,-1,1,1,8.6921647
-1,-1,1,-1,1,1,1.383394206
-1,-1,1,-1,1,1,3.174446667
1,-1,1,-1,1,1,7.176169276
1,-1,1,-1,1,1,5.352360503
1,-1,1,-1,1,1,4.578799009
1,-1,1,-1,1,1,9.067444055
1,-1,1,-1,1,1,6.671860991
1,-1,1,-1,1,1,3.509023051
1,-1,1,-1,1,1,5.014478433
1,-1,1,-1,1,1,4.899445167
1,-1,1,-1,1,1,5.058515612
1,-1,1,-1,1,1,4.131583333
1,-1,1,-1,1,1,5.610579442
1,-1,1,-1,1,1,1.326548877
1,-1,1,-1,1,1,3.56394013
1,-1,1,-1,1,1,2.791524446
1,-1,1,-1,1,1,0.96487955
1,-1,1,-1,1,1,5.942912439
1,-1,1,-1,1,1,0.132385285
1,-1,1,-1,1,1,3.810378981
1,-1,1,-1,1,1,3.906900859
1,-1,1,-1,1,1,1.784037541
1,-1,1,-1,1,1,6.194541845
1,-1,1,-1,1,1,3.643066846
1,-1,1,-1,1,1,9.002240956
1,-1,1,-1,1,1,5.532112527
1,-1,1,-1,1,1,2.056590738
1,-1,1,-1,1,1,3.461305209
1,-1,1,-1,1,1,3.397946815
1,-1,1,-1,1,1,8.400360186
1,-1,1,-1,1,1,0.71207995
1,-1,1,-1,1,1,4.895309989
1,-1,1,-1,1,1,0.077916534
1,-1,1,-1,1,1,0.025413866
1,-1,1,-1,1,1,6.613985037
1,-1,1,-1,1,1,2.484404734
1,-1,1,-1,1,1,5.727350172
1,-1,1,-1,1,1,0.090190199
1,-1,1,-1,1,1,8.689710214
1,-1,1,-1,1,1,3.148365438
1,-1,1,-1,1,1,2.476496131
1,-1,1,-1,1,1,7.047579571
1,-1,1,-1,1,1,6.38836219
1,-1,1,-1,1,1,1.362170853
1,-1,1,-1,1,1,4.935833791
1,-1,1,-1,1,1,1.259984143
1,-1,1,-1,1,1,0.969156619
1,-1,1,-1,1,1,5.381656468
1,-1,1,-1,1,1,0.635976673
1,-1,1,-1,1,1,3.047702033
1,-1,1,-1,1,1,4.014948122
1,-1,1,-1,1,1,0.441983021
-1,1,1,-1,1,1,6.45342469
-1,1,1,-1,1,1,4.390744846
-1,1,1,-1,1,1,2.391552707
-1,1,1,-1,1,1,0.460823789
-1,1,1,-1,1,1,4.614299188
-1,1,1,-1,1,1,5.794580399
-1,1,1,-1,1,1,7.702866235
-1,1,1,-1,1,1,5.862973953
-1,1,1,-1,1,1,4.833157994
-1,1,1,-1,1,1,3.225899415
-1,1,1,-1,1,1,5.501924338
-1,1,1,-1,1,1,6.863730812
-1,1,1,-1,1,1,7.959798427
-1,1,1,-1,1,1,8.809239846
-1,1,1,-1,1,1,0.886472764
-1,1,1,-1,1,1,3.853109058
-1,1,1,-1,1,1,6.605496107
-1,1,1,-1,1,1,7.93869151
-1,1,1,-1,1,1,4.177271026
-1,1,1,-1,1,1,7.044884167
-1,1,1,-1,1,1,2.000889945
-1,1,1,-1,1,1,5.344519983
-1,1,1,-1,1,1,10.87301415
-1,1,1,-1,1,1,8.170562817
-1,1,1,-1,1,1,2.654458525
-1,1,1,-1,1,1,4.44466864
-1,1,1,-1,1,1,7.230270573
-1,1,1,-1,1,1,10.24120718
-1,1,1,-1,1,1,8.661294728
-1,1,1,-1,1,1,5.679334391
-1,1,1,-1,1,1,6.017602376
-1,1,1,-1,1,1,10.22727696
-1,1,1,-1,1,1,2.559699683
-1,1,1,-1,1,1,7.965372733
-1,1,1,-1,1,1,0.256875878
-1,1,1,-1,1,1,7.925811839
-1,1,1,-1,1,1,6.704706012
-1,1,1,-1,1,1,6.137118196
-1,1,1,-1,1,1,0.377331689
-1,1,1,-1,1,1,1.574653861
-1,1,1,-1,1,1,9.717887045
-1,1,1,-1,1,1,4.342220204
-1,1,1,-1,1,1,6.239005805
-1,1,1,-1,1,1,5.667886403
-1,1,1,-1,1,1,4.822400421
-1,1,1,-1,1,1,6.435207478
-1,1,1,-1,1,1,7.65294262
-1,1,1,-1,1,1,7.941219547
-1,1,1,-1,1,1,5.731171774
-1,1,1,-1,1,1,9.024814932
1,1,1,-1,1,1,4.554201284
1,1,1,-1,1,1,12.88568297
1,1,1,-1,1,1,5.118896017
1,1,1,-1,1,1,6.292780545
1,1,1,-1,1,1,10.74023165
1,1,1,-1,1,1,10.60587224
1,1,1,-1,1,1,6.500901569
1,1,1,-1,1,1,9.302295434
1,1,1,-1,1,1,4.529393137
1,1,1,-1,1,1,8.930954743
1,1,1,-1,1,1,5.888104978
1,1,1,-1,1,1,7.056696161
1,1,1,-1,1,1,5.036919592
1,1,1,-1,1,1,13.90756861
1,1,1,-1,1,1,8.376215376
1,1,1,-1,1,1,9.088340115
1,1,1,-1,1,1,15.34210195
1,1,1,-1,1,1,5.204510053
1,1,1,-1,1,1,11.43809871
1,1,1,-1,1,1,10.60703955
1,1,1,-1,1,1,10.5243526
1,1,1,-1,1,1,5.73989877
1,1,1,-1,1,1,7.9800456
1,1,1,-1,1,1,11.29030588
1,1,1,-1,1,1,9.914760755
1,1,1,-1,1,1,10.31941367
1,1,1,-1,1,1,10.65007785
1,1,1,-1,1,1,5.692539877
1,1,1,-1,1,1,5.914533581
1,1,1,-1,1,1,9.531019819
1,1,1,-1,1,1,8.114811797
1,1,1,-1,1,1,8.780283136
1,1,1,-1,1,1,5.235442125
1,1,1,-1,1,1,8.467910516
1,1,1,-1,1,1,3.658879672
1,1,1,-1,1,1,6.514393158
1,1,1,-1,1,1,9.035961641
1,1,1,-1,1,1,12.18028391
1,1,1,-1,1,1,11.61763454
1,1,1,-1,1,1,7.913536826
1,1,1,-1,1,1,5.943931218
1,1,1,-1,1,1,10.03419534
1,1,1,-1,1,1,11.87001402
1,1,1,-1,1,1,3.644136552
1,1,1,-1,1,1,3.846455411
1,1,1,-1,1,1,6.681713316
1,1,1,-1,1,1,6.834840439
1,1,1,-1,1,1,7.045740218
1,1,1,-1,1,1,8.553529151
1,1,1,-1,1,1,9.402893303
-1,-1,-1,1,1,1,5.740777798
-1,-1,-1,1,1,1,2.676669136
-1,-1,-1,1,1,1,0.100920494
-1,-1,-1,1,1,1,2.63106772
-1,-1,-1,1,1,1,6.778875781
-1,-1,-1,1,1,1,6.78521905
-1,-1,-1,1,1,1,2.781167199
-1,-1,-1,1,1,1,3.774444308
-1,-1,-1,1,1,1,1.700732578
-1,-1,-1,1,1,1,5.643244347
-1,-1,-1,1,1,1,6.945659718
-1,-1,-1,1,1,1,2.890258375
-1,-1,-1,1,1,1,5.381926761
-1,-1,-1,1,1,1,7.973130278
-1,-1,-1,1,1,1,4.234642481
-1,-1,-1,1,1,1,4.955394852
-1,-1,-1,1,1,1,0.924604775
-1,-1,-1,1,1,1,9.254361786
-1,-1,-1,1,1,1,8.036026202
-1,-1,-1,1,1,1,9.742920306
-1,-1,-1,1,1,1,1.861347568
-1,-1,-1,1,1,1,6.097628615
-1,-1,-1,1,1,1,6.028315793
-1,-1,-1,1,1,1,4.659168865
-1,-1,-1,1,1,1,4.382841803
-1,-1,-1,1,1,1,6.163758451
-1,-1,-1,1,1,1,3.459315652
-1,-1,-1,1,1,1,7.143991371
-1,-1,-1,1,1,1,5.544932784
-1,-1,-1,1,1,1,1.139151777
-1,-1,-1,1,1,1,3.862336281
-1,-1,-1,1,1,1,7.79754078
-1,-1,-1,1,1,1,3.593455042
-1,-1,-1,1,1,1,6.838184991
-1,-1,-1,1,1,1,2.142233187
-1,-1,-1,1,1,1,8.591801106
-1,-1,-1,1,1,1,6.647111839
-1,-1,-1,1,1,1,4.378003197
-1,-1,-1,1,1,1,2.253856451
-1,-1,-1,1,1,1,10.8948965
-1,-1,-1,1,1,1,4.102031093
-1,-1,-1,1,1,1,3.26665376
-1,-1,-1,1,1,1,3.401694478
-1,-1,-1,1,1,1,5.907064785
-1,-1,-1,1,1,1,3.408280982
-1,-1,-1,1,1,1,7.196511767
-1,-1,-1,1,1,1,7.230859174
-1,-1,-1,1,1,1,7.827249318
-1,-1,-1,1,1,1,2.662295652
-1,-1,-1,1,1,1,5.099182164
1,-1,-1,1,1,1,3.674214354
1,-1,-1,1,1,1,11.26080691
1,-1,-1,1,1,1,5.196051091
1,-1,-1,1,1,1,6.753507557
1,-1,-1,1,1,1,9.654744952
1,-1,-1,1,1,1,8.486589987
1,-1,-1,1,1,1,4.954660045
1,-1,-1,1,1,1,6.99037584
1,-1,-1,1,1,1,6.359504912
1,-1,-1,1,1,1,8.611891129
1,-1,-1,1,1,1,4.787611112
1,-1,-1,1,1,1,7.715968252
1,-1,-1,1,1,1,7.596997967
1,-1,-1,1,1,1,5.517186759
1,-1,-1,1,1,1,8.44341519
1,-1,-1,1,1,1,3.711383865
1,-1,-1,1,1,1,10.09245632
1,-1,-1,1,1,1,6.356280785
1,-1,-1,1,1,1,5.944008577
1,-1,-1,1,1,1,7.767142506
1,-1,-1,1,1,1,14.11454916
1,-1,-1,1,1,1,4.192298488
1,-1,-1,1,1,1,10.42539624
1,-1,-1,1,1,1,10.65801631
1,-1,-1,1,1,1,10.47989793
1,-1,-1,1,1,1,11.64249546
1,-1,-1,1,1,1,4.383521935
1,-1,-1,1,1,1,5.298997482
1,-1,-1,1,1,1,7.134302151
1,-1,-1,1,1,1,6.27169076
1,-1,-1,1,1,1,6.105971755
1,-1,-1,1,1,1,7.777191996
1,-1,-1,1,1,1,2.416072296
1,-1,-1,1,1,1,6.483769607
1,-1,-1,1,1,1,4.311464765
1,-1,-1,1,1,1,9.703839105
1,-1,-1,1,1,1,5.68399677
1,-1,-1,1,1,1,6.216213057
1,-1,-1,1,1,1,10.17176578
1,-1,-1,1,1,1,12.79701206
1,-1,-1,1,1,1,7.302672358
1,-1,-1,1,1,1,4.595754755
1,-1,-1,1,1,1,5.632073121
1,-1,-1,1,1,1,11.48318629
1,-1,-1,1,1,1,7.287401463
1,-1,-1,1,1,1,3.963282106
1,-1,-1,1,1,1,2.965765156
1,-1,-1,1,1,1,11.94477455
1,-1,-1,1,1,1,3.709269464
1,-1,-1,1,1,1,6.281256866
-1,1,-1,1,1,1,6.123821127
-1,1,-1,1,1,1,4.422947284
-1,1,-1,1,1,1,9.672349417
-1,1,-1,1,1,1,2.057166574
-1,1,-1,1,1,1,4.265763715
-1,1,-1,1,1,1,9.6745956
-1,1,-1,1,1,1,6.766115011
-1,1,-1,1,1,1,9.528556362
-1,1,-1,1,1,1,5.109131452
-1,1,-1,1,1,1,9.290216205
-1,1,-1,1,1,1,6.405618558
-1,1,-1,1,1,1,1.325989392
-1,1,-1,1,1,1,0.984231607
-1,1,-1,1,1,1,7.344671352
-1,1,-1,1,1,1,0.325367753
-1,1,-1,1,1,1,7.484299624
-1,1,-1,1,1,1,3.847529753
-1,1,-1,1,1,1,5.247172916
-1,1,-1,1,1,1,5.448176748
-1,1,-1,1,1,1,7.176212727
-1,1,-1,1,1,1,6.74903194
-1,1,-1,1,1,1,15.33001369
-1,1,-1,1,1,1,8.822099273
-1,1,-1,1,1,1,4.749877824
-1,1,-1,1,1,1,7.529472996
-1,1,-1,1,1,1,5.43359401
-1,1,-1,1,1,1,1.664950519
-1,1,-1,1,1,1,0.347368083
-1,1,-1,1,1,1,3.708496712
-1,1,-1,1,1,1,5.580520709
-1,1,-1,1,1,1,8.900306003
-1,1,-1,1,1,1,7.700233554
-1,1,-1,1,1,1,4.693234404
-1,1,-1,1,1,1,1.253279795
-1,1,-1,1,1,1,7.957636133
-1,1,-1,1,1,1,6.420185884
-1,1,-1,1,1,1,7.03869111
-1,1,-1,1,1,1,5.295632081
-1,1,-1,1,1,1,6.666835549
-1,1,-1,1,1,1,9.790983702
-1,1,-1,1,1,1,7.982574063
-1,1,-1,1,1,1,3.033410116
-1,1,-1,1,1,1,2.063803097
-1,1,-1,1,1,1,2.935472941
-1,1,-1,1,1,1,5.959210012
-1,1,-1,1,1,1,6.840871123
-1,1,-1,1,1,1,10.85741777
-1,1,-1,1,1,1,4.695208222
-1,1,-1,1,1,1,4.132771429
-1,1,-1,1,1,1,8.102950417
1,1,-1,1,1,1,8.841009095
1,1,-1,1,1,1,2.17E-05
1,1,-1,1,1,1,3.983286064
1,1,-1,1,1,1,5.879628628
1,1,-1,1,1,1,7.48862085
1,1,-1,1,1,1,5.07229286
1,1,-1,1,1,1,0.220030542
1,1,-1,1,1,1,9.610935571
1,1,-1,1,1,1,4.879909626
1,1,-1,1,1,1,14.86346838
1,1,-1,1,1,1,9.557129395
1,1,-1,1,1,1,8.98349761
1,1,-1,1,1,1,8.290446861
1,1,-1,1,1,1,3.056457489
1,1,-1,1,1,1,6.139674771
1,1,-1,1,1,1,0.219760245
1,1,-1,1,1,1,2.651229876
1,1,-1,1,1,1,2.965971936
1,1,-1,1,1,1,11.91098693
1,1,-1,1,1,1,9.263095186
1,1,-1,1,1,1,7.225587923
1,1,-1,1,1,1,7.784213341
1,1,-1,1,1,1,3.957828925
1,1,-1,1,1,1,10.82131667
1,1,-1,1,1,1,4.271764388
1,1,-1,1,1,1,7.530400335
1,1,-1,1,1,1,2.913959324
1,1,-1,1,1,1,1.000655019
1,1,-1,1,1,1,6.63546116
1,1,-1,1,1,1,7.55806893
1,1,-1,1,1,1,6.023101321
1,1,-1,1,1,1,10.03123584
1,1,-1,1,1,1,9.302460394
1,1,-1,1,1,1,8.363385565
1,1,-1,1,1,1,8.800808897
1,1,-1,1,1,1,8.813024751
1,1,-1,1,1,1,5.097150265
1,1,-1,1,1,1,11.37861099
1,1,-1,1,1,1,9.571998872
1,1,-1,1,1,1,4.923112393
1,1,-1,1,1,1,5.157925842
1,1,-1,1,1,1,12.53977093
1,1,-1,1,1,1,5.175967277
1,1,-1,1,1,1,5.787106135
1,1,-1,1,1,1,2.756924684
1,1,-1,1,1,1,10.2067382
1,1,-1,1,1,1,7.377846804
1,1,-1,1,1,1,9.872155037
1,1,-1,1,1,1,11.18599272
1,1,-1,1,1,1,7.414474073
-1,-1,1,1,1,1,7.019148316
-1,-1,1,1,1,1,2.306560346
-1,-1,1,1,1,1,1.030673778
-1,-1,1,1,1,1,2.653763923
-1,-1,1,1,1,1,1.150586773
-1,-1,1,1,1,1,4.643034177
-1,-1,1,1,1,1,0.586309794
-1,-1,1,1,1,1,7.842781069
-1,-1,1,1,1,1,1.733899553
-1,-1,1,1,1,1,4.282792494
-1,-1,1,1,1,1,0.94297834
-1,-1,1,1,1,1,0.885306792
-1,-1,1,1,1,1,6.547220214
-1,-1,1,1,1,1,1.534212387
-1,-1,1,1,1,1,3.024715594
-1,-1,1,1,1,1,9.06567632
-1,-1,1,1,1,1,2.912561009
-1,-1,1,1,1,1,2.527174328
-1,-1,1,1,1,1,3.218472034
-1,-1,1,1,1,1,4.948894466
-1,-1,1,1,1,1,3.160755484
-1,-1,1,1,1,1,0.996231384
-1,-1,1,1,1,1,4.418429489
-1,-1,1,1,1,1,0.855335357
-1,-1,1,1,1,1,0.904366446
-1,-1,1,1,1,1,3.622212075
-1,-1,1,1,1,1,2.966093525
-1,-1,1,1,1,1,3.556225837
-1,-1,1,1,1,1,3.597889813
-1,-1,1,1,1,1,2.386757797
-1,-1,1,1,1,1,2.065571971
-1,-1,1,1,1,1,0.503325904
-1,-1,1,1,1,1,1.564289622
-1,-1,1,1,1,1,3.162939233
-1,-1,1,1,1,1,1.09153405
-1,-1,1,1,1,1,0.222030948
-1,-1,1,1,1,1,0.080559069
-1,-1,1,1,1,1,0.32407036
-1,-1,1,1,1,1,0.373978034
-1,-1,1,1,1,1,3.705026974
-1,-1,1,1,1,1,3.030049406
-1,-1,1,1,1,1,1.841721907
-1,-1,1,1,1,1,4.372596118
-1,-1,1,1,1,1,2.948498561
-1,-1,1,1,1,1,2.94017497
-1,-1,1,1,1,1,2.921418667
-1,-1,1,1,1,1,0.445719002
-1,-1,1,1,1,1,7.023382959
-1,-1,1,1,1,1,1.767701635
-1,-1,1,1,1,1,1.214845328
1,-1,1,1,1,1,3.921381173
1,-1,1,1,1,1,8.125171128
1,-1,1,1,1,1,0.80139006
1,-1,1,1,1,1,2.13720693
1,-1,1,1,1,1,4.022079416
1,-1,1,1,1,1,11.35576451
1,-1,1,1,1,1,3.752202992
1,-1,1,1,1,1,3.721685224
1,-1,1,1,1,1,5.055719963
1,-1,1,1,1,1,4.148025636
1,-1,1,1,1,1,4.213800785
1,-1,1,1,1,1,5.231314905
1,-1,1,1,1,1,0.412419406
1,-1,1,1,1,1,2.799701405
1,-1,1,1,1,1,5.352725104
1,-1,1,1,1,1,6.528835777
1,-1,1,1,1,1,2.371970238
1,-1,1,1,1,1,0.633868472
1,-1,1,1,1,1,0.739751963
1,-1,1,1,1,1,5.490899763
1,-1,1,1,1,1,4.694173558
1,-1,1,1,1,1,6.457868625
1,-1,1,1,1,1,4.947185545
1,-1,1,1,1,1,5.565842908
1,-1,1,1,1,1,5.794663279
1,-1,1,1,1,1,0.427180607
1,-1,1,1,1,1,0.115942692
1,-1,1,1,1,1,8.74445678
1,-1,1,1,1,1,0.440787015
1,-1,1,1,1,1,8.54662696
1,-1,1,1,1,1,4.739636044
1,-1,1,1,1,1,7.910604988
1,-1,1,1,1,1,4.516033287
1,-1,1,1,1,1,4.078695348
1,-1,1,1,1,1,6.739082289
1,-1,1,1,1,1,4.716619838
1,-1,1,1,1,1,4.452421862
1,-1,1,1,1,1,1.907170531
1,-1,1,1,1,1,6.807595439
1,-1,1,1,1,1,0.748211541
1,-1,1,1,1,1,3.013295952
1,-1,1,1,1,1,2.052950471
1,-1,1,1,1,1,1.486775182
1,-1,1,1,1,1,1.948006805
1,-1,1,1,1,1,6.133473516
1,-1,1,1,1,1,1.700467181
1,-1,1,1,1,1,0.360076057
1,-1,1,1,1,1,2.733395299
1,-1,1,1,1,1,1.892694108
1,-1,1,1,1,1,4.372529443
-1,1,1,1,1,1,3.379495336
-1,1,1,1,1,1,6.822484502
-1,1,1,1,1,1,1.379416789
-1,1,1,1,1,1,8.328614321
-1,1,1,1,1,1,3.662262809
-1,1,1,1,1,1,5.895437982
-1,1,1,1,1,1,0.726429565
-1,1,1,1,1,1,8.613678485
-1,1,1,1,1,1,4.916108949
-1,1,1,1,1,1,7.40032278
-1,1,1,1,1,1,3.51399414
-1,1,1,1,1,1,10.61741938
-1,1,1,1,1,1,11.04939552
-1,1,1,1,1,1,5.282983425
-1,1,1,1,1,1,2.88748617
-1,1,1,1,1,1,6.720397922
-1,1,1,1,1,1,0.71993596
-1,1,1,1,1,1,6.073228154
-1,1,1,1,1,1,3.606338296
-1,1,1,1,1,1,7.647763216
-1,1,1,1,1,1,6.767369908
-1,1,1,1,1,1,8.411277197
-1,1,1,1,1,1,0.960879268
-1,1,1,1,1,1,1.758061476
-1,1,1,1,1,1,1.740954964
-1,1,1,1,1,1,8.618336581
-1,1,1,1,1,1,2.090633003
-1,1,1,1,1,1,7.17671504
-1,1,1,1,1,1,4.588477233
-1,1,1,1,1,1,5.592552464
-1,1,1,1,1,1,8.167219419
-1,1,1,1,1,1,10.46571158
-1,1,1,1,1,1,6.154380535
-1,1,1,1,1,1,6.944165013
-1,1,1,1,1,1,8.314505964
-1,1,1,1,1,1,4.723897359
-1,1,1,1,1,1,5.619617525
-1,1,1,1,1,1,6.626601311
-1,1,1,1,1,1,0.386348482
-1,1,1,1,1,1,6.053778487
-1,1,1,1,1,1,4.933417819
-1,1,1,1,1,1,5.048608998
-1,1,1,1,1,1,0.550810936
-1,1,1,1,1,1,7.841475218
-1,1,1,1,1,1,3.370127062
-1,1,1,1,1,1,6.652783866
-1,1,1,1,1,1,8.849130918
-1,1,1,1,1,1,2.120613471
-1,1,1,1,1,1,4.739604309
-1,1,1,1,1,1,6.907437023
1,1,1,1,1,1,10.38877075
1,1,1,1,1,1,8.184541561
1,1,1,1,1,1,6.194118498
1,1,1,1,1,1,8.76714972
1,1,1,1,1,1,3.452802923
1,1,1,1,1,1,10.99932986
1,1,1,1,1,1,13.02377625
1,1,1,1,1,1,11.78625291
1,1,1,1,1,1,9.451426534
1,1,1,1,1,1,11.4202119
1,1,1,1,1,1,4.12513211
1,1,1,1,1,1,10.36795814
1,1,1,1,1,1,13.03429114
1,1,1,1,1,1,13.81345704
1,1,1,1,1,1,10.71315294
1,1,1,1,1,1,6.616062681
1,1,1,1,1,1,11.69655869
1,1,1,1,1,1,13.19345343
1,1,1,1,1,1,6.993575969
1,1,1,1,1,1,11.44603959
1,1,1,1,1,1,8.735379472
1,1,1,1,1,1,6.259593209
1,1,1,1,1,1,12.12077852
1,1,1,1,1,1,14.2819179
1,1,1,1,1,1,5.285939964
1,1,1,1,1,1,5.495500462
1,1,1,1,1,1,9.1768904
1,1,1,1,1,1,9.496710176
1,1,1,1,1,1,3.524757151
1,1,1,1,1,1,6.330957699
1,1,1,1,1,1,9.496425693
1,1,1,1,1,1,7.523127312
1,1,1,1,1,1,1.078832555
1,1,1,1,1,1,13.65763492
1,1,1,1,1,1,5.39006725
1,1,1,1,1,1,9.439733816
1,1,1,1,1,1,3.890876206
1,1,1,1,1,1,8.932581846
1,1,1,1,1,1,12.88652828
1,1,1,1,1,1,7.757154103
1,1,1,1,1,1,3.009754786
1,1,1,1,1,1,8.183504278
1,1,1,1,1,1,5.594891623
1,1,1,1,1,1,5.810476938
1,1,1,1,1,1,9.204240167
1,1,1,1,1,1,9.998369234
1,1,1,1,1,1,4.675296901
1,1,1,1,1,1,11.00736482
1,1,1,1,1,1,10.05219869
1,1,1,1,1,1,14.76760623