"A","B","C","D","E","F","y"
-1,-1,-1,-1,-1,-1,4.031651746
-1,-1,-1,-1,-1,-1,6.527392276
-1,-1,-1,-1,-1,-1,0.219277264
-1,-1,-1,-1,-1,-1,6.773467654
-1,-1,-1,-1,-1,-1,2.667279021
-1,-1,-1,-1,-1,-1,8.345592042
-1,-1,-1,-1,-1,-1,8.168206426
-1,-1,-1,-1,-1,-1,6.477016467
-1,-1,-1,-1,-1,-1,4.780333839
-1,-1,-1,-1,-1,-1,6.950148793
-1,-1,-1,-1,-1,-1,6.566900782
-1,-1,-1,-1,-1,-1,4.012275368
-1,-1,-1,-1,-1,-1,2.736481104
-1,-1,-1,-1,-1,-1,0.308411013
-1,-1,-1,-1,-1,-1,2.378375435
-1,-1,-1,-1,-1,-1,3.784876382
-1,-1,-1,-1,-1,-1,4.763378238
-1,-1,-1,-1,-1,-1,3.676878664
-1,-1,-1,-1,-1,-1,5.992165415
-1,-1,-1,-1,-1,-1,3.920314009
-1,-1,-1,-1,-1,-1,3.253342314
-1,-1,-1,-1,-1,-1,2.258109875
-1,-1,-1,-1,-1,-1,3.736134106
-1,-1,-1,-1,-1,-1,4.678647956
-1,-1,-1,-1,-1,-1,2.1853862
-1,-1,-1,-1,-1,-1,0.483322415
-1,-1,-1,-1,-1,-1,7.714162225
-1,-1,-1,-1,-1,-1,6.065997894
-1,-1,-1,-1,-1,-1,2.103238974
-1,-1,-1,-1,-1,-1,4.280299623
-1,-1,-1,-1,-1,-1,4.868516915
-1,-1,-1,-1,-1,-1,2.807591217
-1,-1,-1,-1,-1,-1,1.09236806
-1,-1,-1,-1,-1,-1,0.539356578
-1,-1,-1,-1,-1,-1,2.745044672
-1,-1,-1,-1,-1,-1,3.25707566
-1,-1,-1,-1,-1,-1,1.298716607
-1,-1,-1,-1,-1,-1,10.47954617
-1,-1,-1,-1,-1,-1,6.877076461
-1,-1,-1,-1,-1,-1,1.940933541
-1,-1,-1,-1,-1,-1,4.704555979
-1,-1,-1,-1,-1,-1,0.996149534
-1,-1,-1,-1,-1,-1,1.268410218
-1,-1,-1,-1,-1,-1,0.02580457
-1,-1,-1,-1,-1,-1,7.111882041
-1,-1,-1,-1,-1,-1,6.764412827
-1,-1,-1,-1,-1,-1,6.406170024
-1,-1,-1,-1,-1,-1,5.721559835
-1,-1,-1,-1,-1,-1,1.991990594
-1,-1,-1,-1,-1,-1,1.570011489
1,-1,-1,-1,1,-1,7.130841716
1,-1,-1,-1,1,-1,8.596878683
1,-1,-1,-1,1,-1,4.463790897
1,-1,-1,-1,1,-1,5.938555771
1,-1,-1,-1,1,-1,2.043563722
1,-1,-1,-1,1,-1,3.983221155
1,-1,-1,-1,1,-1,7.545507254
1,-1,-1,-1,1,-1,3.366632466
1,-1,-1,-1,1,-1,5.552633777
1,-1,-1,-1,1,-1,4.109105833
1,-1,-1,-1,1,-1,4.113315411
1,-1,-1,-1,1,-1,2.006724797
1,-1,-1,-1,1,-1,12.01716879
1,-1,-1,-1,1,-1,8.815735346
1,-1,-1,-1,1,-1,5.358604593
1,-1,-1,-1,1,-1,9.340491761
1,-1,-1,-1,1,-1,5.788337727
1,-1,-1,-1,1,-1,10.2694247
1,-1,-1,-1,1,-1,6.047676351
1,-1,-1,-1,1,-1,9.81535677
1,-1,-1,-1,1,-1,6.771555203
1,-1,-1,-1,1,-1,9.609197129
1,-1,-1,-1,1,-1,8.01470215
1,-1,-1,-1,1,-1,6.852112062
1,-1,-1,-1,1,-1,4.768328028
1,-1,-1,-1,1,-1,7.633815091
1,-1,-1,-1,1,-1,6.212471879
1,-1,-1,-1,1,-1,10.06088829
1,-1,-1,-1,1,-1,9.861226676
1,-1,-1,-1,1,-1,5.440476484
1,-1,-1,-1,1,-1,4.439027527
1,-1,-1,-1,1,-1,7.339156126
1,-1,-1,-1,1,-1,3.326951122
1,-1,-1,-1,1,-1,5.93285393
1,-1,-1,-1,1,-1,6.336275072
1,-1,-1,-1,1,-1,7.212067484
1,-1,-1,-1,1,-1,6.585064137
1,-1,-1,-1,1,-1,3.737119823
1,-1,-1,-1,1,-1,7.568916937
1,-1,-1,-1,1,-1,5.334327559
1,-1,-1,-1,1,-1,8.584212285
1,-1,-1,-1,1,-1,6.794438297
1,-1,-1,-1,1,-1,7.014792334
1,-1,-1,-1,1,-1,10.23931936
1,-1,-1,-1,1,-1,6.511926742
1,-1,-1,-1,1,-1,11.76573162
1,-1,-1,-1,1,-1,2.12293402
1,-1,-1,-1,1,-1,6.185721728
1,-1,-1,-1,1,-1,4.6538838
1,-1,-1,-1,1,-1,11.13718575
-1,1,-1,-1,1,1,3.2602917
-1,1,-1,-1,1,1,6.385529176
-1,1,-1,-1,1,1,14.66080494
-1,1,-1,-1,1,1,7.555416726
-1,1,-1,-1,1,1,7.200947207
-1,1,-1,-1,1,1,7.31929789
-1,1,-1,-1,1,1,5.7480778
-1,1,-1,-1,1,1,6.940196086
-1,1,-1,-1,1,1,5.049842308
-1,1,-1,-1,1,1,6.278231648
-1,1,-1,-1,1,1,10.55929056
-1,1,-1,-1,1,1,5.735226323
-1,1,-1,-1,1,1,0.582912465
-1,1,-1,-1,1,1,2.803256914
-1,1,-1,-1,1,1,17.40129486
-1,1,-1,-1,1,1,12.41162185
-1,1,-1,-1,1,1,3.657530882
-1,1,-1,-1,1,1,5.972026593
-1,1,-1,-1,1,1,11.86171933
-1,1,-1,-1,1,1,4.741727849
-1,1,-1,-1,1,1,3.961970889
-1,1,-1,-1,1,1,7.72140706
-1,1,-1,-1,1,1,8.409369688
-1,1,-1,-1,1,1,3.156078996
-1,1,-1,-1,1,1,8.503496057
-1,1,-1,-1,1,1,4.441806869
-1,1,-1,-1,1,1,4.180302591
-1,1,-1,-1,1,1,8.686848335
-1,1,-1,-1,1,1,6.31521386
-1,1,-1,-1,1,1,6.268569877
-1,1,-1,-1,1,1,1.768614735
-1,1,-1,-1,1,1,6.941758594
-1,1,-1,-1,1,1,10.34284829
-1,1,-1,-1,1,1,5.558666962
-1,1,-1,-1,1,1,0.146768488
-1,1,-1,-1,1,1,5.072888711
-1,1,-1,-1,1,1,2.284807822
-1,1,-1,-1,1,1,0.886025204
-1,1,-1,-1,1,1,8.905188181
-1,1,-1,-1,1,1,10.58037559
-1,1,-1,-1,1,1,3.239780203
-1,1,-1,-1,1,1,6.762978389
-1,1,-1,-1,1,1,8.622173362
-1,1,-1,-1,1,1,6.045584504
-1,1,-1,-1,1,1,6.651697417
-1,1,-1,-1,1,1,7.843246145
-1,1,-1,-1,1,1,4.493259185
-1,1,-1,-1,1,1,5.492122826
-1,1,-1,-1,1,1,1.49296184
-1,1,-1,-1,1,1,9.213129448
1,1,-1,-1,-1,1,9.44527582
1,1,-1,-1,-1,1,5.741859272
1,1,-1,-1,-1,1,2.057407371
1,1,-1,-1,-1,1,9.459839397
1,1,-1,-1,-1,1,13.04062561
1,1,-1,-1,-1,1,6.686117287
1,1,-1,-1,-1,1,1.808281843
1,1,-1,-1,-1,1,2.220839815
1,1,-1,-1,-1,1,5.583143023
1,1,-1,-1,-1,1,5.042574988
1,1,-1,-1,-1,1,6.023360445
1,1,-1,-1,-1,1,7.075796835
1,1,-1,-1,-1,1,9.317386243
1,1,-1,-1,-1,1,9.032041221
1,1,-1,-1,-1,1,13.46157304
1,1,-1,-1,-1,1,4.222348186
1,1,-1,-1,-1,1,6.246402936
1,1,-1,-1,-1,1,0.439114481
1,1,-1,-1,-1,1,5.958668358
1,1,-1,-1,-1,1,8.543162653
1,1,-1,-1,-1,1,6.041028451
1,1,-1,-1,-1,1,8.389721095
1,1,-1,-1,-1,1,8.41053602
1,1,-1,-1,-1,1,6.770983243
1,1,-1,-1,-1,1,10.10706961
1,1,-1,-1,-1,1,4.215501105
1,1,-1,-1,-1,1,2.747389889
1,1,-1,-1,-1,1,0.263903533
1,1,-1,-1,-1,1,10.38862288
1,1,-1,-1,-1,1,11.9429487
1,1,-1,-1,-1,1,6.527998997
1,1,-1,-1,-1,1,7.939875401
1,1,-1,-1,-1,1,11.21340144
1,1,-1,-1,-1,1,7.006426161
1,1,-1,-1,-1,1,5.577141866
1,1,-1,-1,-1,1,10.75193706
1,1,-1,-1,-1,1,7.539448356
1,1,-1,-1,-1,1,11.414255
1,1,-1,-1,-1,1,7.601602841
1,1,-1,-1,-1,1,7.131556422
1,1,-1,-1,-1,1,8.83590651
1,1,-1,-1,-1,1,10.1599462
1,1,-1,-1,-1,1,7.080010038
1,1,-1,-1,-1,1,6.478826409
1,1,-1,-1,-1,1,4.659929422
1,1,-1,-1,-1,1,7.184545426
1,1,-1,-1,-1,1,3.231698944
1,1,-1,-1,-1,1,10.92505675
1,1,-1,-1,-1,1,4.563207158
1,1,-1,-1,-1,1,10.35497495
-1,-1,1,-1,1,1,2.233174699
-1,-1,1,-1,1,1,6.214871059
-1,-1,1,-1,1,1,2.752034385
-1,-1,1,-1,1,1,0.839346652
-1,-1,1,-1,1,1,5.234246053
-1,-1,1,-1,1,1,2.76425608
-1,-1,1,-1,1,1,0.001075906
-1,-1,1,-1,1,1,1.561611632
-1,-1,1,-1,1,1,1.438470339
-1,-1,1,-1,1,1,0.060969168
-1,-1,1,-1,1,1,2.608315467
-1,-1,1,-1,1,1,1.45810967
-1,-1,1,-1,1,1,6.607891415
-1,-1,1,-1,1,1,2.941114393
-1,-1,1,-1,1,1,4.91114394
-1,-1,1,-1,1,1,1.191679532
-1,-1,1,-1,1,1,1.053323158
-1,-1,1,-1,1,1,7.744300193
-1,-1,1,-1,1,1,10.6754697
-1,-1,1,-1,1,1,2.560593726
-1,-1,1,-1,1,1,0.995091996
-1,-1,1,-1,1,1,1.04932598
-1,-1,1,-1,1,1,3.352677932
-1,-1,1,-1,1,1,0.305808705
-1,-1,1,-1,1,1,2.872711442
-1,-1,1,-1,1,1,4.043009829
-1,-1,1,-1,1,1,3.408333894
-1,-1,1,-1,1,1,2.550309578
-1,-1,1,-1,1,1,5.197395888
-1,-1,1,-1,1,1,2.93072835
-1,-1,1,-1,1,1,4.710108501
-1,-1,1,-1,1,1,2.707933452
-1,-1,1,-1,1,1,1.189100022
-1,-1,1,-1,1,1,0.612952848
-1,-1,1,-1,1,1,2.035526206
-1,-1,1,-1,1,1,3.178093292
-1,-1,1,-1,1,1,1.863398244
-1,-1,1,-1,1,1,6.726370422
-1,-1,1,-1,1,1,6.841491729
-1,-1,1,-1,1,1,5.515627915
-1,-1,1,-1,1,1,2.45465223
-1,-1,1,-1,1,1,1.304421142
-1,-1,1,-1,1,1,1.822370987
-1,-1,1,-1,1,1,3.358335
-1,-1,1,-1,1,1,3.383397769
-1,-1,1,-1,1,1,0.687649218
-1,-1,1,-1,1,1,0.45342629
-1,-1,1,-1,1,1,8.6921647
-1,-1,1,-1,1,1,1.383394206
-1,-1,1,-1,1,1,3.174446667
1,-1,1,-1,-1,1,1.261392438
1,-1,1,-1,-1,1,4.219732399
1,-1,1,-1,-1,1,3.909934021
1,-1,1,-1,-1,1,1.190460374
1,-1,1,-1,-1,1,2.78016148
1,-1,1,-1,-1,1,1.829647175
1,-1,1,-1,-1,1,5.222180903
1,-1,1,-1,-1,1,3.68330199
1,-1,1,-1,-1,1,0.793964047
1,-1,1,-1,-1,1,4.3997891
1,-1,1,-1,-1,1,0.412353176
1,-1,1,-1,-1,1,1.341415076
1,-1,1,-1,-1,1,3.688643204
1,-1,1,-1,-1,1,5.901854804
1,-1,1,-1,-1,1,3.627467157
1,-1,1,-1,-1,1,2.008143404
1,-1,1,-1,-1,1,3.722980758
1,-1,1,-1,-1,1,0.088021091
1,-1,1,-1,-1,1,3.167049174
1,-1,1,-1,-1,1,6.198547668
1,-1,1,-1,-1,1,3.221968251
1,-1,1,-1,-1,1,2.625068251
1,-1,1,-1,-1,1,0.541078112
1,-1,1,-1,-1,1,0.648498007
1,-1,1,-1,-1,1,2.415189295
1,-1,1,-1,-1,1,2.988660727
1,-1,1,-1,-1,1,0.341376287
1,-1,1,-1,-1,1,0.237990052
1,-1,1,-1,-1,1,1.634541606
1,-1,1,-1,-1,1,2.006676828
1,-1,1,-1,-1,1,1.24669285
1,-1,1,-1,-1,1,0.473101567
1,-1,1,-1,-1,1,0.707103508
1,-1,1,-1,-1,1,2.090197395
1,-1,1,-1,-1,1,0.348313113
1,-1,1,-1,-1,1,5.978680315
1,-1,1,-1,-1,1,1.208631507
1,-1,1,-1,-1,1,2.795028461
1,-1,1,-1,-1,1,1.977192939
1,-1,1,-1,-1,1,1.158793867
1,-1,1,-1,-1,1,6.612040702
1,-1,1,-1,-1,1,1.255969711
1,-1,1,-1,-1,1,1.628412609
1,-1,1,-1,-1,1,1.725462636
1,-1,1,-1,-1,1,6.007808601
1,-1,1,-1,-1,1,2.897367593
1,-1,1,-1,-1,1,4.054157605
1,-1,1,-1,-1,1,3.317077567
1,-1,1,-1,-1,1,2.367370768
1,-1,1,-1,-1,1,0.608825284
-1,1,1,-1,-1,-1,6.003974489
-1,1,1,-1,-1,-1,1.288617655
-1,1,1,-1,-1,-1,6.442391165
-1,1,1,-1,-1,-1,5.436437672
-1,1,1,-1,-1,-1,12.92738112
-1,1,1,-1,-1,-1,8.049053512
-1,1,1,-1,-1,-1,10.54660483
-1,1,1,-1,-1,-1,3.57933247
-1,1,1,-1,-1,-1,4.905264457
-1,1,1,-1,-1,-1,9.375156893
-1,1,1,-1,-1,-1,3.512608513
-1,1,1,-1,-1,-1,3.444682437
-1,1,1,-1,-1,-1,7.895507027
-1,1,1,-1,-1,-1,4.257019415
-1,1,1,-1,-1,-1,6.426297613
-1,1,1,-1,-1,-1,4.184652341
-1,1,1,-1,-1,-1,1.719689153
-1,1,1,-1,-1,-1,5.315874491
-1,1,1,-1,-1,-1,2.658346421
-1,1,1,-1,-1,-1,2.661282945
-1,1,1,-1,-1,-1,3.440842082
-1,1,1,-1,-1,-1,5.893349479
-1,1,1,-1,-1,-1,3.096997276
-1,1,1,-1,-1,-1,2.083273713
-1,1,1,-1,-1,-1,7.220433046
-1,1,1,-1,-1,-1,2.674882315
-1,1,1,-1,-1,-1,3.052037861
-1,1,1,-1,-1,-1,2.252362909
-1,1,1,-1,-1,-1,5.10099327
-1,1,1,-1,-1,-1,7.782152854
-1,1,1,-1,-1,-1,7.002212007
-1,1,1,-1,-1,-1,5.165522678
-1,1,1,-1,-1,-1,4.930521457
-1,1,1,-1,-1,-1,3.474786279
-1,1,1,-1,-1,-1,4.439523651
-1,1,1,-1,-1,-1,4.270505044
-1,1,1,-1,-1,-1,9.185385516
-1,1,1,-1,-1,-1,0.872098194
-1,1,1,-1,-1,-1,7.119850081
-1,1,1,-1,-1,-1,6.111970905
-1,1,1,-1,-1,-1,3.102069236
-1,1,1,-1,-1,-1,4.946103126
-1,1,1,-1,-1,-1,7.079770036
-1,1,1,-1,-1,-1,6.383515404
-1,1,1,-1,-1,-1,1.598954106
-1,1,1,-1,-1,-1,7.869898924
-1,1,1,-1,-1,-1,0.98562723
-1,1,1,-1,-1,-1,7.897986548
-1,1,1,-1,-1,-1,4.311395779
-1,1,1,-1,-1,-1,2.533574658
1,1,1,-1,1,-1,11.00040505
1,1,1,-1,1,-1,10.87761025
1,1,1,-1,1,-1,6.207071573
1,1,1,-1,1,-1,9.148406575
1,1,1,-1,1,-1,6.436411932
1,1,1,-1,1,-1,5.942523256
1,1,1,-1,1,-1,6.526589616
1,1,1,-1,1,-1,4.626243471
1,1,1,-1,1,-1,2.050847766
1,1,1,-1,1,-1,7.943000102
1,1,1,-1,1,-1,6.310229181
1,1,1,-1,1,-1,6.636659086
1,1,1,-1,1,-1,10.91777825
1,1,1,-1,1,-1,10.74033185
1,1,1,-1,1,-1,13.39239564
1,1,1,-1,1,-1,6.946123978
1,1,1,-1,1,-1,13.19736302
1,1,1,-1,1,-1,10.81368097
1,1,1,-1,1,-1,2.776655462
1,1,1,-1,1,-1,9.526392767
1,1,1,-1,1,-1,9.014617519
1,1,1,-1,1,-1,8.403522213
1,1,1,-1,1,-1,7.945295887
1,1,1,-1,1,-1,7.202427477
1,1,1,-1,1,-1,8.362686552
1,1,1,-1,1,-1,7.389531959
1,1,1,-1,1,-1,4.215328759
1,1,1,-1,1,-1,8.160631798
1,1,1,-1,1,-1,10.87148203
1,1,1,-1,1,-1,9.414729613
1,1,1,-1,1,-1,6.890684942
1,1,1,-1,1,-1,10.75291277
1,1,1,-1,1,-1,7.585827968
1,1,1,-1,1,-1,2.882146501
1,1,1,-1,1,-1,4.265860803
1,1,1,-1,1,-1,5.599639785
1,1,1,-1,1,-1,10.12437498
1,1,1,-1,1,-1,7.035571987
1,1,1,-1,1,-1,9.783792307
1,1,1,-1,1,-1,11.69417581
1,1,1,-1,1,-1,2.450819154
1,1,1,-1,1,-1,13.54424452
1,1,1,-1,1,-1,7.164686772
1,1,1,-1,1,-1,3.326182312
1,1,1,-1,1,-1,7.478960217
1,1,1,-1,1,-1,4.26924077
1,1,1,-1,1,-1,8.102001076
1,1,1,-1,1,-1,5.854968166
1,1,1,-1,1,-1,9.04327185
1,1,1,-1,1,-1,7.816562608
-1,-1,-1,1,-1,1,2.824537807
-1,-1,-1,1,-1,1,1.780520767
-1,-1,-1,1,-1,1,1.483950862
-1,-1,-1,1,-1,1,7.935595442
-1,-1,-1,1,-1,1,1.193949152
-1,-1,-1,1,-1,1,7.535823522
-1,-1,-1,1,-1,1,2.66548754
-1,-1,-1,1,-1,1,8.735388549
-1,-1,-1,1,-1,1,0.314687004
-1,-1,-1,1,-1,1,2.440599309
-1,-1,-1,1,-1,1,1.732148408
-1,-1,-1,1,-1,1,1.212307745
-1,-1,-1,1,-1,1,8.663821834
-1,-1,-1,1,-1,1,7.120732898
-1,-1,-1,1,-1,1,2.06914222
-1,-1,-1,1,-1,1,8.497681666
-1,-1,-1,1,-1,1,1.760785805
-1,-1,-1,1,-1,1,3.389700771
-1,-1,-1,1,-1,1,4.109674038
-1,-1,-1,1,-1,1,0.395923673
-1,-1,-1,1,-1,1,1.316568029
-1,-1,-1,1,-1,1,3.326232367
-1,-1,-1,1,-1,1,5.059995368
-1,-1,-1,1,-1,1,3.74637158
-1,-1,-1,1,-1,1,4.327646082
-1,-1,-1,1,-1,1,2.082284751
-1,-1,-1,1,-1,1,4.601766562
-1,-1,-1,1,-1,1,3.315456878
-1,-1,-1,1,-1,1,3.884868494
-1,-1,-1,1,-1,1,9.047146434
-1,-1,-1,1,-1,1,11.22225983
-1,-1,-1,1,-1,1,1.876742324
-1,-1,-1,1,-1,1,2.873805554
-1,-1,-1,1,-1,1,4.260272313
-1,-1,-1,1,-1,1,5.834248477
-1,-1,-1,1,-1,1,4.490002596
-1,-1,-1,1,-1,1,1.195509594
-1,-1,-1,1,-1,1,1.82350046
-1,-1,-1,1,-1,1,0.624153
-1,-1,-1,1,-1,1,2.237863992
-1,-1,-1,1,-1,1,1.238056909
-1,-1,-1,1,-1,1,7.747394852
-1,-1,-1,1,-1,1,4.682691783
-1,-1,-1,1,-1,1,1.384167126
-1,-1,-1,1,-1,1,11.26239839
-1,-1,-1,1,-1,1,6.385378265
-1,-1,-1,1,-1,1,5.413137515
-1,-1,-1,1,-1,1,4.283000482
-1,-1,-1,1,-1,1,0.440266319
-1,-1,-1,1,-1,1,0.027490479
1,-1,-1,1,1,1,3.674214354
1,-1,-1,1,1,1,11.26080691
1,-1,-1,1,1,1,5.196051091
1,-1,-1,1,1,1,6.753507557
1,-1,-1,1,1,1,9.654744952
1,-1,-1,1,1,1,8.486589987
1,-1,-1,1,1,1,4.954660045
1,-1,-1,1,1,1,6.99037584
1,-1,-1,1,1,1,6.359504912
1,-1,-1,1,1,1,8.611891129
1,-1,-1,1,1,1,4.787611112
1,-1,-1,1,1,1,7.715968252
1,-1,-1,1,1,1,7.596997967
1,-1,-1,1,1,1,5.517186759
1,-1,-1,1,1,1,8.44341519
1,-1,-1,1,1,1,3.711383865
1,-1,-1,1,1,1,10.09245632
1,-1,-1,1,1,1,6.356280785
1,-1,-1,1,1,1,5.944008577
1,-1,-1,1,1,1,7.767142506
1,-1,-1,1,1,1,14.11454916
1,-1,-1,1,1,1,4.192298488
1,-1,-1,1,1,1,10.42539624
1,-1,-1,1,1,1,10.65801631
1,-1,-1,1,1,1,10.47989793
1,-1,-1,1,1,1,11.64249546
1,-1,-1,1,1,1,4.383521935
1,-1,-1,1,1,1,5.298997482
1,-1,-1,1,1,1,7.134302151
1,-1,-1,1,1,1,6.27169076
1,-1,-1,1,1,1,6.105971755
1,-1,-1,1,1,1,7.777191996
1,-1,-1,1,1,1,2.416072296
1,-1,-1,1,1,1,6.483769607
1,-1,-1,1,1,1,4.311464765
1,-1,-1,1,1,1,9.703839105
1,-1,-1,1,1,1,5.68399677
1,-1,-1,1,1,1,6.216213057
1,-1,-1,1,1,1,10.17176578
1,-1,-1,1,1,1,12.79701206
1,-1,-1,1,1,1,7.302672358
1,-1,-1,1,1,1,4.595754755
1,-1,-1,1,1,1,5.632073121
1,-1,-1,1,1,1,11.48318629
1,-1,-1,1,1,1,7.287401463
1,-1,-1,1,1,1,3.963282106
1,-1,-1,1,1,1,2.965765156
1,-1,-1,1,1,1,11.94477455
1,-1,-1,1,1,1,3.709269464
1,-1,-1,1,1,1,6.281256866
-1,1,-1,1,1,-1,8.250237018
-1,1,-1,1,1,-1,7.414530608
-1,1,-1,1,1,-1,2.25580565
-1,1,-1,1,1,-1,10.29477183
-1,1,-1,1,1,-1,2.743553626
-1,1,-1,1,1,-1,4.041526707
-1,1,-1,1,1,-1,4.251263368
-1,1,-1,1,1,-1,4.679073275
-1,1,-1,1,1,-1,5.00007875
-1,1,-1,1,1,-1,6.300597526
-1,1,-1,1,1,-1,5.813283469
-1,1,-1,1,1,-1,5.181176255
-1,1,-1,1,1,-1,8.373868064
-1,1,-1,1,1,-1,8.045725648
-1,1,-1,1,1,-1,2.656078926
-1,1,-1,1,1,-1,8.048566722
-1,1,-1,1,1,-1,5.554301815
-1,1,-1,1,1,-1,2.529433604
-1,1,-1,1,1,-1,4.081796758
-1,1,-1,1,1,-1,2.989950244
-1,1,-1,1,1,-1,4.659153829
-1,1,-1,1,1,-1,10.44405749
-1,1,-1,1,1,-1,0.454140669
-1,1,-1,1,1,-1,5.351462353
-1,1,-1,1,1,-1,8.141691288
-1,1,-1,1,1,-1,5.223873547
-1,1,-1,1,1,-1,8.063106093
-1,1,-1,1,1,-1,6.94158179
-1,1,-1,1,1,-1,6.092422317
-1,1,-1,1,1,-1,9.018548289
-1,1,-1,1,1,-1,4.447639858
-1,1,-1,1,1,-1,3.268510804
-1,1,-1,1,1,-1,9.939527609
-1,1,-1,1,1,-1,7.606696385
-1,1,-1,1,1,-1,4.041004064
-1,1,-1,1,1,-1,11.02036258
-1,1,-1,1,1,-1,4.448045768
-1,1,-1,1,1,-1,10.14539297
-1,1,-1,1,1,-1,8.865094476
-1,1,-1,1,1,-1,6.42653652
-1,1,-1,1,1,-1,6.900701902
-1,1,-1,1,1,-1,6.574638267
-1,1,-1,1,1,-1,7.280927269
-1,1,-1,1,1,-1,9.009625929
-1,1,-1,1,1,-1,6.043236247
-1,1,-1,1,1,-1,7.016916374
-1,1,-1,1,1,-1,4.186095107
-1,1,-1,1,1,-1,9.011645894
-1,1,-1,1,1,-1,2.2153375
-1,1,-1,1,1,-1,5.391230146
1,1,-1,1,-1,-1,9.069162466
1,1,-1,1,-1,-1,11.31127601
1,1,-1,1,-1,-1,7.499534241
1,1,-1,1,-1,-1,7.152029972
1,1,-1,1,-1,-1,8.996111028
1,1,-1,1,-1,-1,6.824771211
1,1,-1,1,-1,-1,10.25121942
1,1,-1,1,-1,-1,5.839735551
1,1,-1,1,-1,-1,8.856469954
1,1,-1,1,-1,-1,7.059446972
1,1,-1,1,-1,-1,11.73687583
1,1,-1,1,-1,-1,5.743434262
1,1,-1,1,-1,-1,8.140661938
1,1,-1,1,-1,-1,13.47732634
1,1,-1,1,-1,-1,7.106323937
1,1,-1,1,-1,-1,4.75895379
1,1,-1,1,-1,-1,4.244901116
1,1,-1,1,-1,-1,8.524896582
1,1,-1,1,-1,-1,8.575427779
1,1,-1,1,-1,-1,0.878261236
1,1,-1,1,-1,-1,13.97124101
1,1,-1,1,-1,-1,6.760207271
1,1,-1,1,-1,-1,6.636624422
1,1,-1,1,-1,-1,8.708705765
1,1,-1,1,-1,-1,6.32189887
1,1,-1,1,-1,-1,10.24366769
1,1,-1,1,-1,-1,9.988146803
1,1,-1,1,-1,-1,7.370346589
1,1,-1,1,-1,-1,11.56009338
1,1,-1,1,-1,-1,8.560812175
1,1,-1,1,-1,-1,8.542745963
1,1,-1,1,-1,-1,7.698544136
1,1,-1,1,-1,-1,15.8572922
1,1,-1,1,-1,-1,7.987238576
1,1,-1,1,-1,-1,9.160230717
1,1,-1,1,-1,-1,8.734358498
1,1,-1,1,-1,-1,8.617333847
1,1,-1,1,-1,-1,4.451964769
1,1,-1,1,-1,-1,9.396742891
1,1,-1,1,-1,-1,4.077266667
1,1,-1,1,-1,-1,11.01295812
1,1,-1,1,-1,-1,11.67145249
1,1,-1,1,-1,-1,3.611949493
1,1,-1,1,-1,-1,9.669802377
1,1,-1,1,-1,-1,5.850103701
1,1,-1,1,-1,-1,10.65150553
1,1,-1,1,-1,-1,9.640570205
1,1,-1,1,-1,-1,7.710397932
1,1,-1,1,-1,-1,1.570176796
1,1,-1,1,-1,-1,8.789952587
-1,-1,1,1,1,-1,11.11348372
-1,-1,1,1,1,-1,0.581758378
-1,-1,1,1,1,-1,5.786526138
-1,-1,1,1,1,-1,0.028951125
-1,-1,1,1,1,-1,0.001086573
-1,-1,1,1,1,-1,0.749646413
-1,-1,1,1,1,-1,3.459927502
-1,-1,1,1,1,-1,2.016604792
-1,-1,1,1,1,-1,0.0294381
-1,-1,1,1,1,-1,0.606861541
-1,-1,1,1,1,-1,3.014806061
-1,-1,1,1,1,-1,0.565753361
-1,-1,1,1,1,-1,0.532794392
-1,-1,1,1,1,-1,3.093939496
-1,-1,1,1,1,-1,3.701472749
-1,-1,1,1,1,-1,2.826995472
-1,-1,1,1,1,-1,5.553200683
-1,-1,1,1,1,-1,5.458391836
-1,-1,1,1,1,-1,3.559017985
-1,-1,1,1,1,-1,2.396867455
-1,-1,1,1,1,-1,1.042579845
-1,-1,1,1,1,-1,3.44347853
-1,-1,1,1,1,-1,3.315197745
-1,-1,1,1,1,-1,0.276001654
-1,-1,1,1,1,-1,4.250944746
-1,-1,1,1,1,-1,1.255383437
-1,-1,1,1,1,-1,2.209021334
-1,-1,1,1,1,-1,1.464603779
-1,-1,1,1,1,-1,3.228121955
-1,-1,1,1,1,-1,4.161211468
-1,-1,1,1,1,-1,5.437823391
-1,-1,1,1,1,-1,8.715380629
-1,-1,1,1,1,-1,3.461111289
-1,-1,1,1,1,-1,2.740056132
-1,-1,1,1,1,-1,4.358348129
-1,-1,1,1,1,-1,5.471790379
-1,-1,1,1,1,-1,0.655698025
-1,-1,1,1,1,-1,2.808817725
-1,-1,1,1,1,-1,4.016693536
-1,-1,1,1,1,-1,6.467233945
-1,-1,1,1,1,-1,0.688925221
-1,-1,1,1,1,-1,3.553191012
-1,-1,1,1,1,-1,0.38056987
-1,-1,1,1,1,-1,4.904951857
-1,-1,1,1,1,-1,6.311370523
-1,-1,1,1,1,-1,5.11247617
-1,-1,1,1,1,-1,0.545450044
-1,-1,1,1,1,-1,1.131010781
-1,-1,1,1,1,-1,1.065780959
-1,-1,1,1,1,-1,7.644574794
1,-1,1,1,-1,-1,2.26381021
1,-1,1,1,-1,-1,7.067993602
1,-1,1,1,-1,-1,3.405700408
1,-1,1,1,-1,-1,2.317946374
1,-1,1,1,-1,-1,2.089453445
1,-1,1,1,-1,-1,2.57365056
1,-1,1,1,-1,-1,1.402651359
1,-1,1,1,-1,-1,0.403139401
1,-1,1,1,-1,-1,1.110910776
1,-1,1,1,-1,-1,3.338220335
1,-1,1,1,-1,-1,0.358215935
1,-1,1,1,-1,-1,0.169601452
1,-1,1,1,-1,-1,1.233699425
1,-1,1,1,-1,-1,0.632837871
1,-1,1,1,-1,-1,0.257174365
1,-1,1,1,-1,-1,1.680504558
1,-1,1,1,-1,-1,0.27765061
1,-1,1,1,-1,-1,2.231415825
1,-1,1,1,-1,-1,1.883742584
1,-1,1,1,-1,-1,2.76441433
1,-1,1,1,-1,-1,0.726714888
1,-1,1,1,-1,-1,0.915353685
1,-1,1,1,-1,-1,2.546392953
1,-1,1,1,-1,-1,0.951373471
1,-1,1,1,-1,-1,0.983157945
1,-1,1,1,-1,-1,1.773944139
1,-1,1,1,-1,-1,0.4447001
1,-1,1,1,-1,-1,1.457999273
1,-1,1,1,-1,-1,2.010468956
1,-1,1,1,-1,-1,2.004377835
1,-1,1,1,-1,-1,1.562473878
1,-1,1,1,-1,-1,2.70093256
1,-1,1,1,-1,-1,2.26443172
1,-1,1,1,-1,-1,0.670812579
1,-1,1,1,-1,-1,0.148204687
1,-1,1,1,-1,-1,0.70554125
1,-1,1,1,-1,-1,1.633021827
1,-1,1,1,-1,-1,0.484218105
1,-1,1,1,-1,-1,3.329572313
1,-1,1,1,-1,-1,0.741328191
1,-1,1,1,-1,-1,1.925025324
1,-1,1,1,-1,-1,2.546748632
1,-1,1,1,-1,-1,0.60850464
1,-1,1,1,-1,-1,5.185633058
1,-1,1,1,-1,-1,0.950161209
1,-1,1,1,-1,-1,1.006645511
1,-1,1,1,-1,-1,1.576664263
1,-1,1,1,-1,-1,0.922855228
1,-1,1,1,-1,-1,1.84013173
1,-1,1,1,-1,-1,7.907107788
-1,1,1,1,-1,1,5.748027395
-1,1,1,1,-1,1,4.22482477
-1,1,1,1,-1,1,3.08733753
-1,1,1,1,-1,1,0.820963057
-1,1,1,1,-1,1,8.048835637
-1,1,1,1,-1,1,5.15710457
-1,1,1,1,-1,1,1.097281372
-1,1,1,1,-1,1,1.59988193
-1,1,1,1,-1,1,13.24224995
-1,1,1,1,-1,1,8.551390403
-1,1,1,1,-1,1,12.15460492
-1,1,1,1,-1,1,0.691969209
-1,1,1,1,-1,1,0.81176191
-1,1,1,1,-1,1,3.261276886
-1,1,1,1,-1,1,0.13955262
-1,1,1,1,-1,1,4.897901413
-1,1,1,1,-1,1,5.235516856
-1,1,1,1,-1,1,1.427047967
-1,1,1,1,-1,1,3.073023913
-1,1,1,1,-1,1,1.81283177
-1,1,1,1,-1,1,2.299285762
-1,1,1,1,-1,1,9.264164509
-1,1,1,1,-1,1,3.62404101
-1,1,1,1,-1,1,4.778627051
-1,1,1,1,-1,1,3.165476874
-1,1,1,1,-1,1,0.519462266
-1,1,1,1,-1,1,2.809565042
-1,1,1,1,-1,1,4.917148265
-1,1,1,1,-1,1,13.11530406
-1,1,1,1,-1,1,6.94128037
-1,1,1,1,-1,1,4.128112672
-1,1,1,1,-1,1,6.268450567
-1,1,1,1,-1,1,4.409302963
-1,1,1,1,-1,1,0.9704393
-1,1,1,1,-1,1,8.372323411
-1,1,1,1,-1,1,1.799462465
-1,1,1,1,-1,1,1.26634973
-1,1,1,1,-1,1,7.455841156
-1,1,1,1,-1,1,4.21555891
-1,1,1,1,-1,1,5.460193412
-1,1,1,1,-1,1,7.646114191
-1,1,1,1,-1,1,5.125261754
-1,1,1,1,-1,1,2.886076566
-1,1,1,1,-1,1,0.872235619
-1,1,1,1,-1,1,6.026565156
-1,1,1,1,-1,1,4.937599759
-1,1,1,1,-1,1,3.223817115
-1,1,1,1,-1,1,10.32889535
-1,1,1,1,-1,1,7.939843566
-1,1,1,1,-1,1,4.926704968
1,1,1,1,1,1,10.38877075
1,1,1,1,1,1,8.184541561
1,1,1,1,1,1,6.194118498
1,1,1,1,1,1,8.76714972
1,1,1,1,1,1,3.452802923
1,1,1,1,1,1,10.99932986
1,1,1,1,1,1,13.02377625
1,1,1,1,1,1,11.78625291
1,1,1,1,1,1,9.451426534
1,1,1,1,1,1,11.4202119
1,1,1,1,1,1,4.12513211
1,1,1,1,1,1,10.36795814
1,1,1,1,1,1,13.03429114
1,1,1,1,1,1,13.81345704
1,1,1,1,1,1,10.71315294
1,1,1,1,1,1,6.616062681
1,1,1,1,1,1,11.69655869
1,1,1,1,1,1,13.19345343
1,1,1,1,1,1,6.993575969
1,1,1,1,1,1,11.44603959
1,1,1,1,1,1,8.735379472
1,1,1,1,1,1,6.259593209
1,1,1,1,1,1,12.12077852
1,1,1,1,1,1,14.2819179
1,1,1,1,1,1,5.285939964
1,1,1,1,1,1,5.495500462
1,1,1,1,1,1,9.1768904
1,1,1,1,1,1,9.496710176
1,1,1,1,1,1,3.524757151
1,1,1,1,1,1,6.330957699
1,1,1,1,1,1,9.496425693
1,1,1,1,1,1,7.523127312
1,1,1,1,1,1,1.078832555
1,1,1,1,1,1,13.65763492
1,1,1,1,1,1,5.39006725
1,1,1,1,1,1,9.439733816
1,1,1,1,1,1,3.890876206
1,1,1,1,1,1,8.932581846
1,1,1,1,1,1,12.88652828
1,1,1,1,1,1,7.757154103
1,1,1,1,1,1,3.009754786
1,1,1,1,1,1,8.183504278
1,1,1,1,1,1,5.594891623
1,1,1,1,1,1,5.810476938
1,1,1,1,1,1,9.204240167
1,1,1,1,1,1,9.998369234
1,1,1,1,1,1,4.675296901
1,1,1,1,1,1,11.00736482
1,1,1,1,1,1,10.05219869
1,1,1,1,1,1,14.76760623
