"Video","Image"
9.88501754711391,14.9385877595448
7.62888139409253,9.94030619763455
7.14972779268166,3.45158364950374
8.10558514877243,15.3263753628353
3.49942855437812,14.7888220076729
8.45038176901961,8.61308830941831
5.04860660133103,14.6324228265781
10.3681686095736,18.6071346502313
9.54802661252375,22.633561966786
6.01284043846421,20.8135427332534
3.37339384585267,15.9664078711474
5.55084608813852,12.8820832146946
1.41139666033973,14.539645821456
10.4352585084092,13.2708387137753
5.86608122199352,14.0166322259889
6.95808073774981,18.1394546089417
6.02021705709024,7.25898985867655
11.4023796209312,15.5836064236916
12.3533065633375,12.7109771728402
1.91087731931145,18.793129955032
14.3511490213328,5.86283740740243
4.64326616954075,8.39201066439282
5.71950505489798,8.17984151020473
7.55779341624095,13.6335308733056
1.6375665968477,13.9971279245342
4.98725466238837,15.9530451420512
3.29494528728908,30.8704445960215
4.91058381672487,15.5681139513056
12.9610985944291,14.1919901118765
4.35211399886523,11.7678528720091
2.9530349458174,14.1477377160155
6.66891328567433,10.5179549882884
6.45280936803848,24.128113565353
2.75147520977192,12.5362793724874
1.84898833169454,14.2272537921844
1.16240073860394,21.6336305557066
0.55848283310857,19.0905958573258
8.7843451971559,12.492475241115
11.198101293026,18.4651911775428
7.24743923866061,10.1034863476621
15.9087998023551,8.2307286900649
6.08311065645917,16.4376480264979
3.90192068917978,17.2626699312958
9.96581601111354,17.5927352759058
7.6245510273908,16.8247365971455
6.52221197117538,15.535824212149
12.0829177229336,13.9999412461929
16.1491562860443,10.3134992302394
13.8579487616291,16.0508615662739
11.7283441988833,14.6261736546222
3.12646045149232,13.6289033451463
5.88888893264222,14.8520405866404
8.36854636223171,16.2972143640767
14.9241512958216,11.5893260986329
2.1516010551701,8.54370281985598
0.341967842092568,6.26790496367088
5.64734694666328,22.3547706647682
7.05527013356268,22.911296596747
14.3147647297677,11.3908892365612
7.85350436798856,10.4641456461912
13.5913861849785,17.056785979984
9.44921043174953,5.98270170214257
11.7636794044055,13.4525155305326
16.9016899264688,10.9441562331045
11.4046940342099,6.35398887624347
9.29059441586825,12.9346588124491
7.63693125055765,28.5167420846405
13.054178985757,15.7157058713556
9.54897585739011,10.7348145963987
4.16419163307939,10.9871378023664
7.07128940124925,8.93984982780324
5.59734857642549,13.6164334570614
9.23305004930533,16.1184683961623
2.58011788192846,13.969384552752
14.1145110370744,15.9764174145524
0.894087805622708,9.42935117550057
8.93122453863657,8.1078572446568
12.0688029743539,8.36348847802677
10.8618253348907,16.8428916119595
16.7746415876846,7.56208062371372
2.81063223846145,18.970789428131
4.72702049240868,14.5964174011174
5.56909936521504,11.8642941156133
7.47548484298888,16.2824591389948
15.8471967005621,13.4595327705937
6.78653325164194,19.0249466038685
5.19633780589962,18.7127043502958
6.43686730973797,12.9018776692132
12.3079744452788,9.18198180341275
8.50314552097377,13.4823883098315
2.30277828681432,15.7078359247301
3.90265005409191,16.355851286324
12.1212643597844,11.4150070987049
8.53429105661401,18.2319654459433
13.8260038772863,18.1672753398647
4.74298931916333,23.6859812707875
2.68140675032469,17.6687586924213
0.8391591997419,18.0194480572855
10.7797045108813,7.92119662107255
15.2817041836183,19.3122904193602
19.9978152683946,17.8957876600926
10.5334199453391,14.4031554808693
4.38325836086223,9.75365700662568
9.18251098219368,19.5647320242508
7.75446487925085,12.680020289438
4.74028973529562,7.55540469870609
3.21212428734522,17.9977934325946
12.8317662007131,12.6429504685248
13.7821362629029,9.84566044556221
3.12868742936415,14.9878318616242
6.48686499209833,20.3397168827178
16.9204707440999,17.8274789351636
5.53354031596204,20.2997778251744
3.92496938546934,17.9661381060745
3.92429170306973,21.9639988032856
14.2680252215365,22.4902502186933
2.90879204763664,6.87779864577466
4.96618915112395,9.47721462293213
0.6195978691922,15.0501434668713
1.29915210642588,6.93653256777292
12.1913075796939,17.17886131869
3.92959769860015,11.0670433777613
7.8975930470188,13.6480557561311
7.09390229723782,25.8579121072094
10.9916030687696,11.8116396904388
16.7714600459655,17.419337793623
10.4045494822184,11.5489869951811
2.55339530195174,18.6754722017145
8.80554143528908,20.7741467174219
2.07645430303434,12.0351861036914
6.85597108857557,19.7318483292008
3.26050077754619,11.3516920693479
13.5595678811881,10.5200487003613
14.1305871619473,8.60676106659321
4.20763066994066,21.4042479841402
1.40342099430502,20.8725668432722
11.3946833563279,20.6403025659314
11.1506007002112,14.4556362850154
2.5457488030096,10.4056758148528
6.20087354375867,15.4504440049846
6.90900163293413,23.6218894083984
13.21556259933,16.6126531509884
5.16796020502352,11.1740516608513
10.9313664869694,18.0320436560297
12.3298148143186,25.7258471857805
12.2210523369958,10.6228506924527
4.84680826798194,5.96626566955676
10.0953141347545,16.6776473843926
13.1100415858205,4.84963705978891
1.52094353802731,11.4651604840484
6.48413654607545,13.9277095573936
2.94301167626316,14.7705385150774
8.59969592084884,20.4805921935372
2.09844257309696,13.6690591853676
1.20855209465325,9.06916081194635
10.3748671167261,16.1406878881312
9.37816052188764,17.0574443600279
7.23284030337215,8.14975831317076
6.37547327380588,23.0904918798403
13.3619041926816,15.6128300517794
9.54676674701582,24.1104815960917
10.0520517840537,14.1768118840807
1.60400360137258,15.0267611362496
0.388761867007435,17.2180345286915
18.639732373908,20.1627365189651
9.73008971411595,20.1973297692753
1.29565010145666,12.4271696479981
22.7160652404544,13.9672197953953
0.526119729797714,15.6785577288199
3.58153643909182,18.2923768600351
10.4292118068952,12.7649083134149
2.87341828610859,7.71876178642678
11.1763385986069,16.594480979178
3.07223003063457,12.2769645125154
2.25884198112351,13.1810023211165
12.3647549258761,18.9147297905843
10.0786894426189,11.2008597840515
11.4642758055838,2.63763370386193
8.95825283140808,17.382138770656
3.09571890830259,12.166616464862
10.125863279837,6.89688149017063
8.9701018710283,7.18408345572393
9.71116156509443,13.1178550325868
11.8786513384736,7.72539786340294
15.6943479129331,13.4199734905639
9.20142399693282,21.374198213503
10.7632924019326,22.2841815491418
3.18727406324214,10.7147637323259
11.7070187515775,8.79053317357231
6.30127649254318,16.1743303623662
6.27042298379167,21.5017794214869
17.7001787867052,17.2084866037514
7.6482292791912,11.3141326009093
2.96273956459315,17.0182176117981
2.60587344519207,16.7180194683009
0.984434797110466,5.75366056287687
9.24593381706272,16.8874842255598
7.73388165706967,11.5679546013816
0.512964306658203,8.29775896483521
3.40716717621105,12.4906624431504
9.42838092948527,13.9838722967635
4.49067790399287,18.97112565917
1.48179227123427,14.501993389217
4.58464999979229,12.2235844379508
4.513989343458,12.3494193585156
11.0651013064442,19.5674301202549
4.68324154182414,17.1583362352713
11.0513726753648,20.1259321113857
10.8576210596924,21.0388765243498
12.7879043804132,11.2469815306841
15.5140377269637,21.4841307575828
8.78169128529186,12.2681835238528
6.02499384102321,11.4062252410639
10.3743427819604,19.1171511226956
6.49642663290131,15.38615838714
17.0575658354623,9.75702734735743
0.63427246521259,19.4648300531791
8.50598740924169,15.0237444408098
0.0709257344772602,11.8608913799495
11.3391087124339,22.0219500020931
5.43972610687619,9.07765671752801
0.96056665390405,17.6577415784878
12.8940680163859,17.1571376307868
5.99162406526463,9.851971197944
14.5521685430336,13.7326289035823
15.8439244033869,13.6113888878357
5.74218369194289,17.1840460890065
1.7286101537017,10.2504395895494
3.83179760302757,28.0220986423665
6.40804184629281,16.349310389034
13.8047405958885,15.9341402007785
2.16476313290392,15.5808888588693
7.2916532486216,20.3729122307526
3.81920335202441,13.6956644832709
6.42513475070873,21.324944632787
7.79648748155092,10.8117538034139
16.6695407930103,19.6382689914054
15.6505695631045,10.2835538818788
9.24349674023497,18.9706706192194
13.2526293749498,7.42015019677324
5.72368494726524,14.3585991954774
8.21321131583905,16.9445465628492
10.6490299667661,18.6297963342377
7.58129441751598,23.369853658793
7.90906996536427,8.82452470144056
9.60197096343873,18.5782386295709
11.8295610888087,13.5521334222866
7.46595200105442,17.2447177358112
13.4294591731701,10.8192701025969
1.18379199155698,4.68148465231377
14.5584122042981,14.3184425640834
2.97996944547441,12.8966335703693
11.9282565488424,15.5255179936025
7.24980848128413,20.984484496414
6.75321308629219,9.25373948710363
5.05977748815287,17.8182472703904
11.8874377544583,7.9374333020035
0.497017154949745,21.1719605380479
9.24072515035491,15.5668620113247
8.93333180307673,12.9172674848904
7.33397790657958,12.4422991656204
9.45674576236225,11.2771400856533
6.92466347151605,19.9165476234879
5.89271487055108,11.6812277609753
14.601097566934,9.26052487182185
13.5245775605198,16.4379668205033
4.82832034111536,17.1126971360061
11.0507713207727,14.5337270393197
6.93880690620321,18.3797895040012
5.44926882516673,14.4583697564971
14.2107190065,12.0750188831179
11.8148512601134,16.3879895418531
11.6925379888991,16.379815308184
2.60054971413404,16.0265840801016
3.4819413032092,8.68811216831496
8.47328274580484,12.0313561609219
6.36186704865968,6.22361565692504
5.85974357814452,18.8561627293995
7.80048324489396,9.24437703754363
10.976504806187,25.7181139826422
10.1761700120991,24.0993339170488
9.62737797907226,9.37641783855808
11.7308543000474,16.4979048395985
1.49851678125672,12.5018272014858
7.81380270543928,15.3566235050908
8.03361039937124,16.0555485116655
4.73880853659561,24.642366825511
1.8856549062549,21.1909660268285
9.50680657134945,9.33834376955116
11.8877539090852,11.651954908513
13.8521185050202,14.9678376650969
13.2735792442076,23.5211840140938
7.92144197841901,15.1856020286746
14.388907039863,19.9410222168403
10.8073837004175,15.1546657596593
6.01182644490546,16.8601384183124
9.28319864524111,19.4359276410513
10.8512346382133,17.139481575982
6.30053079128933,20.915267150706
6.39072245249147,22.4261371179152
14.0955983843525,16.6417371845755
7.07697164246382,17.4416065138846
3.65658740655241,15.7967702552632
14.2013033561107,12.3391250807494
16.8795827010485,12.9236421272716
14.5592928387724,17.0707262937593
18.6152142726813,13.7317320524839
6.24562629848561,13.2361738408704
11.2126037073832,11.7733209198334
1.89766242847381,8.85333747957941
0.163422090617676,13.4967125213836
11.313567695649,9.49820328400323
10.6219729868054,7.55936287338777
1.46158959171702,13.6118719644054
6.15009212000373,20.4261815714882
8.66048688101531,12.1287746828347
8.48513482844841,24.9756982825033
14.5116218393992,16.2371880525917
7.22009210722947,17.6128807330721
7.64445625982986,20.5840574022211
3.05991513738645,14.361233779958
2.08403031833412,14.2456536793522
3.94112891131475,13.8725474614638
9.47776736019223,24.0488990320721
2.75841974783059,9.79032914268622
9.80021261685621,14.0713715868805
13.0269754138797,14.9707963175996
2.70301009236095,23.002811293656
12.1070052401252,21.0144222489297
5.60712874748696,14.6040245768495
12.341964395824,17.6409739764003
5.19778137089998,18.8389810290074
9.47883218085914,20.7117957230803
13.1766842028129,26.5143221750031
6.79588764760919,19.1974649973744
16.7237639218092,14.9944259227487
6.77827692631125,18.9685226147498
12.1322545466855,19.0496182755384
3.72504514650889,9.81009829341781
13.8552014015084,6.70251660628285
9.70638499706391,7.36044954078848
8.94369804589794,13.0068063758499
3.33626933177141,13.7388506275136
6.08339584224706,13.9400365859097
12.2279330594812,22.4861928105153
4.06445064388602,20.3543170810009
6.65463823933659,15.230451239105
17.5925464694683,7.58647796085038
13.6462182011417,20.9877615974602
10.0951910426527,18.7105339333545
1.01409899861538,20.0644690300394
1.04787343933796,11.4809900866315
10.8846661480944,14.7715235592224
5.97966238200301,10.4149626034183
10.1418380671658,25.9699959769968
12.7916567726458,13.1563960604493
5.75084990335691,25.67704765547
9.83956714919671,17.7668539124539
8.74756149242939,20.2861980209007
2.85990236348567,18.9500698065163
14.4696662537843,12.1618005944084
0.74967735737053,21.7516704811008
6.40230772127793,25.1395501876238
7.2442982133846,9.02915203636945
2.25313583237439,17.3184215062059
7.4266971390022,12.9351965831063
1.13657145875341,12.6397309465353
5.5147692397398,21.7497621525921
11.7882413468386,19.7150591420254
11.3723133877512,18.9772051432998
6.09552925163522,12.6575644845152
10.5327245661841,6.41445952373857
1.63058865665742,9.40073311393765
4.68456798782874,16.2656653289484
3.56440430888655,14.6739194009374
3.88209251825667,14.1862971783869
4.32083569983258,16.3442266375073
6.68330581099694,19.257265502973
1.71300460960602,4.92188318993311
10.6607939149986,23.7763695028157
6.21489774097995,9.76276331485682
9.50996375665295,16.5090155560204
9.20346834384105,16.8582387840142
13.4251166496598,23.2384903052242
3.0617965970862,10.8796306137143
10.0327197582764,10.1406992805692
6.14891522970805,7.11019426270818
13.1823401480414,5.21452088814141
1.41729353036866,13.4635858310203
5.18103972369429,5.62468624366678
6.74775483773975,7.70627633197504
3.97262403024039,10.6917328984413
19.8511470812618,19.0840538482798
6.55054260299761,8.3074483093649
5.75334086359115,11.9240611626779
16.1009594174294,21.9410576450996
3.65708250775052,14.2899436728147
9.54872836831501,13.3070345762597
12.4480310034515,24.3541337815359
16.2383317504944,23.1277276367385
6.38722327789429,15.9925642073166
3.78624806789383,22.8055943905951
0.504190601765232,13.2179280963323
3.06210843238655,2.07001034630075
2.70292735409462,10.6748814691222
13.3442040094926,5.62452631826254
5.74013788935455,14.5056004403562
5.14133889356405,14.3005141748432
8.18601167106077,19.9907527718313
0.0202025014444374,14.1458173720129
6.46343454942327,8.89980500889374
4.21590879541969,9.16534469378516
5.37407826049511,14.2605855207988
10.6907657517656,12.9313799779902
11.9332235575738,15.434248806289
5.60143639390463,19.5469289477596
14.401772288467,12.0139233410747
10.7862128821476,11.1669649525306
10.7885910847583,10.0215641599026
10.7960296249243,11.5943044926247
14.5583968294778,10.994110725903
0.367788177325377,11.9228847273281
4.4529763572283,13.3462965995433
5.99289027690932,10.6289172120339
7.43296967777779,13.1179362842527
2.73868428028644,14.9134929711577
5.04086748494715,9.28568573659205
1.13360885689752,14.6564764352319
11.6583430070702,22.9856812332883
0.634185489157421,19.9426729721802
7.74796546312655,23.0314513739824
13.4116840880547,21.1204906895203
3.26301945593934,14.525821277212
14.4840507323418,17.0710058648502
7.81693707337691,15.5688057666818
12.6580063851268,4.15014833999739
1.36074423383941,26.3452474998776
6.46430547727897,19.7984445820464
3.51927705945444,25.9645565873799
8.28763823930499,19.9182421004744
9.40956557454687,8.80971117323471
7.48612162824175,17.8466813213737
8.85674514843708,9.63871166280182
8.03874560331417,13.0635448185608
13.3073656853854,21.6075980812097
1.48842113417613,16.5880464671827
11.7167259627864,1.30836497234417
12.4765859403529,17.3961316487983
2.51490428691218,14.5441654367307
9.57324923819232,14.7707516301807
0.0299877505162058,23.4517009233093
6.75753389345451,12.8590232147383
8.46720874183215,16.9629032565953
9.22372550759639,17.9235152042965
13.3606422420976,10.4823382102149
2.76845254940766,11.1979902132731
11.7569354086219,20.7292407938097
20.1984109379232,14.7067519216682
4.23381009168021,10.3592276640489
1.75847390203624,10.8879080011713
1.99371509880043,20.4878717147651
16.3729833072734,19.6929022209555
12.0057847731713,14.911163474578
12.4338642977092,18.5631830852015
7.13051784844393,15.6202997159017
4.97945810317038,7.88715485420989
17.6581462963034,8.83197465676935
9.87375806489736,19.0418177529896
14.4603890906793,7.06891461675744
12.0414061615122,20.0631088557912
10.867417371157,14.0307683255975
18.5012445124288,8.39282424943463
10.838585556228,6.47371884925241
14.2570474103271,12.7932440330071
9.82520200347719,17.3969295278802
5.16976729093024,7.85755319639873
4.05261387225849,14.0590321770273
10.4202817754948,12.1237084730221
12.1897747617601,9.73515022189656
2.57093053165053,13.9168420231669
3.51024799269101,19.8880185642017
11.0608533756765,12.9989430449248
2.41142538222155,15.1097645314255
5.39858900026251,14.934981218088
5.66369375163072,14.3773423866678
11.3151522453918,26.4055449825472
1.57571140191786,21.505971915297
17.2076306496301,21.2448078346999
2.38945370681796,8.25672552348609
2.80081368683777,10.002128729877
8.89298979668655,17.2165418824415
18.5953029609488,11.2185552735756
12.8593508253899,23.9866819631117
6.83121931755034,20.7506428997232
12.2056798857945,11.4643475839433
8.31531970270763,18.1493376203058
10.4114299840856,26.3195195739695
8.59579229071256,8.14191029273141
3.46756180901643,12.9749372461031
12.7514655118113,15.7336352764831
9.23450089664067,14.6651522027538
6.26932959275044,19.419280491592
11.4230337498523,16.5553161300025
5.36660941018159,15.7391548217137
6.81011032847454,18.5212735852163
1.40103642791017,11.365358797815
14.2674215624833,13.9412418207063
4.59455718137746,9.48517491486363
6.79407284578005,8.7393673363176
7.82892893958178,15.3809329112424
16.338127787065,23.6486721162403
6.10755647225615,17.4633929986315
10.6146055812219,11.8186239027791
10.490071473578,14.2794574127474
16.6680437464356,22.8513114796424
4.80038909297719,12.9343974394963
3.71889659459803,8.9460904075877
10.3923561012727,16.6959060383643
6.81887943934405,18.7064255605467
8.19573420540645,15.8292593724916
12.5108101749702,8.56081977364764
9.43771818126146,14.3823176715162
8.0687549616488,7.03497591026152
6.17999854400909,13.7854006421039
13.909904968864,11.2147149147233
8.01759748325757,14.7007289867228
4.95535282256515,11.2086226314963
1.96271125613874,26.1801769022702
16.823265091056,14.6434818743734
7.79989255369755,18.356524286821
16.5160949680103,2.91180172627383
11.8796563373126,14.4367418527571
6.39813713726184,5.27958541279325
9.82352896716861,13.9524495589648
12.5851871395999,7.45414958963266
12.4678966644251,24.8389146175204
7.07250948603591,11.4187803229733
13.6836927136466,17.8098367362306
5.68915530543882,16.8109258550552
6.13581303071309,18.1100716747734
11.6107980990098,21.6238684977107
13.384048898192,18.8280463780876
9.2530618305047,15.2132795279753
15.0803900599811,15.0408075002241
2.28239704612629,11.9713249483492
14.7259021092339,15.1145169686567
11.1354132658489,18.9236965147493
10.9934286728248,13.505509080046
9.31872562857172,16.2232158822375
11.4975246685439,17.3769299898823
14.4494794284578,11.4887013352352
12.9327288179357,14.7581282739061
11.0409079595397,7.99077770785909
1.17240132247345,17.1681522569966
5.71636652472817,16.7767846241655
3.43336438630363,19.2308555030773
1.9910036519781,12.8227649725189
10.1618809623454,11.709197947352
10.5535325573148,17.8895378046396
6.08697374901638,4.8273714016465
8.50368864896219,4.8640338653158
16.2755633897414,15.7026747754818
3.85055189791188,19.6827463360714
5.16090575604798,4.30426594287553
16.8407040293493,17.1425176908119
7.48553019163128,6.86383363276725
6.12412683493717,13.4986482332564
8.13557933206883,14.6401717761468
11.6118786878013,16.7815126098926
18.9734306863483,12.5516281848409
13.8835466094342,14.3045079442619
2.44231237839656,9.72558092482512
3.78376690845745,11.4525786218618
5.61090599852747,22.3371645265896
0.583548901912879,4.37965520294265
6.53233619053979,18.8031517164593
6.3521887874656,12.7035929295001
10.5303920101917,11.0738041224789
14.4833611871285,20.2233190778289
4.53368741633848,23.6672031723613
15.4350597465468,13.9764266694418
8.35038425375449,14.6076831284946
12.5090162059693,20.6672987394405
12.935640318164,17.8499154247138
8.80365458738241,22.5294947848766
20.3265544484932,17.868390338337
5.50319648816321,16.8041982296932
11.8591797289859,11.6938110984249
7.65737681763929,15.9470822537461
17.4833243348969,3.41301231002969
7.64722021891966,14.361852556729
14.5617415626838,18.5409419241485
1.37178842223429,13.4218937194013
6.8235967579919,10.8647819266244
7.69012040042402,15.9216650828568
1.8005467029447,16.0674971804907
9.68105350081929,10.3145345407535
4.67998464624094,11.4211845324337
2.90356578029258,12.9725280735694
5.5090043945876,10.7920729967985
11.4506865294672,9.31629033071737
6.53613374359991,13.0625508229607
6.6644129316642,13.2872047546901
2.02122095799705,11.2803263985388
17.496347106508,23.1124314848705
5.32734093980005,15.2607355619683
2.25151328701103,7.90821368743385
9.85329510066623,6.77549058455857
5.47758814448444,15.9734069614691
6.46907145153375,18.2599662516813
11.8976999815215,7.15292233768304
6.11147401424393,12.2880456748601
5.02684199761919,16.5556046754328
3.80511130385473,24.3089182687723
14.0487425552222,8.6274916697096
10.3507958982547,21.5696911298886
9.03818634893837,20.5393146432372
3.00785608029331,8.09843809690104
0.220508703951928,15.4958101156082
6.00819131587537,11.5850601967563
8.54673317244529,20.8177798268663
10.2918511450873,16.4522738034841
7.10641731831773,12.037445019002
13.890481509357,11.0658359439526
10.7556528668497,14.0485993842164
13.3996825289198,14.8238228207403
5.70134080748301,12.6416269793841
9.64346657857519,16.6370010646002
3.94602554946529,15.0725013999202
14.181741066869,14.7134031989901
2.55051083756704,20.0163693181556
5.5589099637364,15.3224287560929
8.46825644766232,14.5084896962217
15.847253141848,13.663052587855
6.1880286118791,23.7279092608077
10.1427754251333,11.926812867749
5.24743875884491,13.1756337421217
14.6411426367244,19.208629801227
7.95815279312409,22.5521515009751
14.1411378486297,9.99075346897114
12.7468605946728,14.3948507977437
5.67627891963809,9.36710398957828
9.79868234327799,21.5824245719587
13.5846940482952,17.8131526268795
13.8087302929619,11.5386956550414
7.41822860775805,15.8212830699897
8.54782209971912,11.3412756278801
10.6788984589995,15.0668637378246
6.64832291324736,13.6317090949456
4.28478766892171,9.06753321101811
10.8396470396672,10.7621088179784
6.22085033308454,14.6208176871694
19.81325329896,13.0350294825205
4.29114801089921,9.90761691022316
5.78365924599441,12.5695498999979
12.7138296330926,7.19084110209292
9.76769831314445,7.83021876570298
5.94336673705116,6.95685802314669
8.12547431896932,13.6946247879527
3.08080894461865,8.72017666373983
9.1840482938711,9.94445903446536
7.90800793445711,16.7252521266632
5.95888788859982,18.2624924284575
7.03643308689514,10.0120967745743
13.4673841208126,17.4397260913667
8.44462794562824,3.35848850498413
8.1962939085226,10.8936275344718
1.18304259864516,17.2080133142496
2.62277296576745,6.05995551032296
7.67395492987626,12.0735773689649
4.71656938251824,5.98016288549132
13.7439146693248,13.8278023614336
0.670065727684018,14.7098726291607
8.02069534827498,19.7494162649694
7.46712988128931,21.1762368143641
5.24488368824698,12.6376341460392
9.78465180619312,24.1737857951538
16.9910659177909,20.2931720541114
10.0152015033336,17.0325020728524
8.92699471416144,18.294186067428
11.5145232196895,8.33497575865339
7.32882515933425,5.16059733605734
11.7951799601042,21.7295220297301
10.8584926048405,17.3650445096058
5.07735772747662,19.6653439830611
1.51227521201309,12.2485995969628
14.7354871560393,9.61271833395704
4.56690692759576,14.7946332851263
9.85083854228495,14.1468581475919
0.664209857645238,12.1760005249836
0.677553956597426,11.9266023872883
4.269219127965,15.2155299716885
9.49588162619077,18.2190590673801
16.9410658358469,11.9520602231668
0.192840346621638,14.5838290871682
12.1896626130583,13.4748922046324
11.5695620063051,24.5592041401476
3.99866448118843,15.184946332546
5.59734991382278,16.0117424612464
4.83580936170408,10.8439013746383
2.77749894348814,17.3565500988841
7.20615807484809,12.669260232018
1.72099112851429,19.2077911638496
8.13359554097029,20.1981186695552
12.2616207569854,22.8673500736199
7.5573805038149,12.3091270197794
12.1042357779132,13.5963199872178
8.50645584215126,14.3831216333367
16.4960026193732,15.8494031358047
11.1147054936316,13.6277084871457
13.527464715097,10.1318981135691
11.6114409972517,13.7943429732483
0.562925422098182,14.7389824806598
0.608177091615554,21.1165400498761
5.1611706801231,15.7118229244076
3.78088182575749,16.6280488633036
7.76781246572501,12.6936602622346
4.34598858668919,14.3802658489322
11.2657679944436,19.1683163530712
11.3963876625907,26.0760679344878
17.1535081947559,21.1331346220173
5.7146503997443,25.5790965968766
8.72495879368783,16.9198818057885
8.20281228792199,18.344096620516
3.80466215898452,8.82466672126206
18.9403970587055,6.29883627440265
11.7978309622522,24.4235955713577
1.52738683564111,23.2024257857902
2.85845767489554,20.5560384223127
3.93559994964575,23.3903813511006
5.06883785766938,17.4984256745628
0.522754850236442,21.6661305794637
12.7674926617794,15.6916583504095
6.60623734774117,13.4617575087788
15.4410354778082,10.574955258167
6.29799077887148,10.7535277510001
1.24968512299183,12.9879359360415
4.78985619634543,13.9229377610319
6.61580208756629,10.5861475802609
10.0228366259259,16.4056238915168
7.74395879705186,17.0947110018353
12.0122615415631,22.5240150059587
7.03355401332886,18.9571158406427
13.5077386490158,19.7742990996097
12.276483003666,14.1363354087236
4.76367848044494,13.7121714714509
6.96388549724486,15.8431615810522
4.04074454773488,11.638496231151
6.15598342908975,13.867107004229
12.3403182362647,11.7408032746251
8.88823784326883,12.5542152681784
12.0633567754054,13.6045983118793
9.53188782539852,20.9068161312721
4.76655206880869,12.0863378245032
6.20663190055985,6.98864116574972
4.31377565348093,11.7188706586777
8.24636732483493,15.2698768938459
9.82501113782897,8.94989898472546
2.89448218681903,17.6294231332303
1.18922392521343,13.497286290219
12.7150077183231,20.3754162846961
8.26825249653517,19.0269896064635
8.05400583281283,20.1195592651439
4.30538230814248,17.1839207583037
12.1536987806176,16.251537910697
8.30051124716522,15.8011914064374
6.23774463833417,13.9741472836964
4.84446824833722,20.631032149354
0.150634983131475,13.5657226694131
8.99885074074063,11.8985443249272
10.5018755973219,17.0352278915725
7.15773984336889,9.09422897792399
8.97282335840914,13.3027166137911
8.23691616647115,18.9127212700531
15.8845109822942,8.40467592591111
9.35769017564836,11.1252760452646
12.5963992217957,16.9393783146803
2.99581123611668,15.3907245154062
11.8211146670072,15.2614715741099
13.7487209582092,20.8882458049188
1.73278954766766,16.4479090774332
19.9565545112777,20.2514717175163
7.54685605690076,22.0781909960616
2.99619180347719,14.7922902753549
11.7730157355226,12.2472411231965
12.8301022976017,18.8504595000511
18.5904635674869,14.6357152177994
9.33458102529912,14.7137082312673
16.5638692488836,17.582403369081
5.14658998661482,14.164597139761
3.70657164533539,13.6535456024185
10.9677877417972,9.74594235416222
7.39199442348575,16.4964467528337
2.4886588542227,3.76082523286033
3.54743022814346,13.9919085102368
6.22315842538841,6.79436513885954
4.35161015331173,26.4362939258224
10.6137450161696,15.3227570301739
9.48500138790639,7.46565797887745
12.0731118559859,13.2967962410844
1.04176016761145,6.81603767222452
2.26110734378576,12.342512849108
13.1095146873203,14.3557158492596
4.89907321306451,17.5895330594533
7.47931707444301,12.8124394797605
12.2097758701049,20.3937996772957
10.6485492206931,16.7087088463105
3.87589606447625,15.0111294688138
9.45015657068613,15.8921929307266
9.9301994935374,16.2629454119434
6.54403175081162,5.19840177018819
7.39078373190886,11.6360420663233
20.1809591733298,5.65157766300469
14.7299969220089,16.4008676810059
6.04495086241262,18.0562789151096
6.47933346945123,3.7797269045945
18.7141409577091,21.6602108818211
12.6852217696809,12.6901121435065
4.63592453467918,13.3904188674732
8.30297865239986,14.8981642626355
6.42510204375116,12.0526502312919
11.8821575788876,21.1307024252255
5.98455793867094,19.3074716429671
0.861030150082511,14.5357879097272
11.0415363423291,10.4446297578773
8.76071033579785,17.5690433025959
11.5545880260678,25.1432490962411
9.70888713170035,8.94700643217231
4.41816013123868,12.6833246783527
1.80807294856754,8.24734760411418
4.71375106949113,15.339449894705
1.44920146471036,13.1134819738688
0.926685584493411,21.4951227095917
6.50691177378779,18.2550357633518
6.36066970323266,14.3789101104997
8.51268190493995,13.1617125372798
10.7906675731926,9.3510285218697
6.89633479847795,4.96979337200117
7.81239676751374,11.5137052161771
1.41181228589093,17.2279430712214
6.16615318367328,17.6995343640418
11.0396618641924,21.2495756569145
14.5204826691983,13.721733264683
18.2599541729794,13.7712735365573
7.24493891825623,4.24931010032003
6.34218405824794,16.7741086854099
8.71809741085132,15.2153027436406
2.74525641350064,14.5600018947673
3.11099215303412,14.8887132738797
9.83581232167311,10.6742705382826
9.0969420283882,13.0345449119316
10.7870462933276,17.5970970437955
4.71999480101193,10.4732632948663
5.60852115011923,18.3172612968155
14.626277502578,16.6759232550354
0.468526935774516,13.9040290671123
3.58089573418618,20.5152678846349
3.88036312931604,11.0633050047231
8.02172506437691,20.2886273860098
7.0116432756477,19.9085184621748
6.10502129262236,12.6238676189929
1.1934309736283,7.54778347156814
13.8025175725573,11.9415780038457
5.0289216270562,12.4563998962102
13.1780881579646,15.1125842045243
0.321586488919088,15.4400913160444
11.878165598458,19.6713923740377
5.95551018695939,12.627203733519
10.9381224000085,2.12682824842202
6.8544442535545,11.2418665346599
3.15285861634278,2.93019004796596
3.38242382222047,11.2581180782105
4.08723551298191,23.0432430020709
15.7382088878625,19.8028575038907
9.70913809119311,10.8085451334097
6.68010131764708,21.7937484528244
2.89105410087633,7.45127650452272
5.77208835133181,14.4826842959852
13.9067490726761,19.8330570237829
5.56133354973999,12.7301205574532
5.00851791406466,14.8570900721653
16.9896438539699,10.4207022535529
23.1163017812907,11.6481916712781
4.7415682044847,8.3955944005265
12.261968728063,11.4460141770544
11.0869818291092,10.4261463832632
15.3051501589204,13.697346554617
19.7628792439092,17.2128454204029
10.4157345033546,11.9664140431515
8.85964420580089,16.7093118200196
9.9183593201001,17.8110174489018
4.55763990970326,16.232642985934
13.2580844888373,12.2839057699192
10.214848114748,6.71709466970457
6.96922404811961,17.1545111693955
3.44889182450449,13.0927873154076
6.43645901908898,3.3167710894036
11.9565849124782,15.8568325376384
2.0745507993465,13.8411399679532
0.710992445195637,13.1050072567751
11.4270036780272,14.502735242754
20.2162057582651,15.9807866681713
5.55208096737671,17.1428504470026
0.730416536664015,9.36757468839807
0.0896289730738191,16.7051400772069
11.6560423002463,13.7436248193902
4.00056563798926,21.0995885778736
3.09184793734038,13.3252910866578
1.36200412009513,31.0593499899046
13.1495522824492,7.93339658366822
9.3264272430833,19.3997705973302
0.88552352648047,12.5255115466994
9.36434348912518,8.67022437579117
5.92158673796098,19.0621363244151
8.13943846043727,11.0302384773964
5.486800502653,23.5318125269782
8.68514461063038,16.9204159731601
3.58103652707181,19.017857332215
9.13827853211753,21.7882841026804
6.29604816348337,16.3042143564859
10.0335926177574,14.6157887576031
12.0994056672615,15.0656515603178
6.83412716018366,13.6962270685601
14.5893222482438,13.8544665165649
10.5265285361334,15.3104539361973
1.63035408670073,16.9404613582533
0.400326101173027,11.5134667245414
9.01420507806153,18.5422031807693
9.36440520911035,11.396102439288
4.91369674547486,16.0750200132498
12.303126413311,14.490326586146
15.6568384269696,21.8958905950476
13.8196475317274,11.6661833724487
11.6355106869067,18.0838359562686
15.5186634225782,17.3083414089221
4.54128366660476,16.1245283811642
10.5717980313207,8.64783771116932
9.22271199249699,20.1564692037658
1.19485560809517,14.3486988846031
5.05620563850604,2.11575938322446
4.319601450238,18.2726709229794
6.10193037203207,21.2514608667268
14.3901934758931,10.2365377122114
14.2839351882822,10.2478774256522
8.65311530363716,9.19789685578682
5.79512865903851,20.4688600893183
2.80530437549132,16.5487550360562
8.4561980735268,16.8729644705562
4.29226172629874,20.4102729464543
3.93811929050155,3.37705322973393
8.28119893006988,21.692452198727
13.255421378625,9.31938812697114
12.4931813071338,9.20185439795761
6.20001164284883,24.8351063993708
5.45445614874596,22.1404264239554
14.7967962105936,23.0250069081077
14.2973753851174,19.1990990847567
13.5696607595433,12.8191382863714
1.12596135521222,27.0546867351258
10.3224959255566,18.9957462194924
4.63587345618392,15.9513228940801
1.04373341571274,11.6140377031711
0.83063763623876,16.7491567842427
5.03684995595237,15.0104582265065
7.78100384932763,16.8398233561567
18.5810195965215,20.2420722869178
8.69959166137443,15.9329839453822
12.4309246540132,18.9675152684303
15.0288955869573,7.08837372901554
11.3163113671545,19.2946640588733
1.15203404225939,2.28046782595102
3.92224438477611,12.3354467801429
11.9113382093506,15.3779962591233
5.15892609159057,20.2455055056533
7.27441884195606,22.4644843007091
11.6662154968952,8.15341375953172
16.4553017707249,12.0971118971195
6.88569753221641,9.70775205047455
6.80423827932646,19.1531069957789
15.0726893193633,19.5382183297063
10.8347523571279,23.3595574601455
5.46611345348495,16.2173363651742
0.321637166995478,24.9138139022032
8.55270950807984,16.1311444234325
8.12749328928066,16.9828811385545
1.23857514393696,12.6681109361539
5.80029097460818,15.7423171329071
14.770035861253,17.6457111085906
4.56415987408498,12.7724906017423
0.0703014717766628,11.5934626896788
13.0784951958867,11.6792747300172
9.02113150581723,18.1325024184868
8.40452315658952,19.812426055863
12.6491944121571,11.2774230383105
2.78908445328271,13.2369153570147
11.5751691690788,14.6674777481133
8.58050726902136,19.5165764885735
14.3170345006706,6.3404359857786
11.2344377493957,18.9651847275432
6.79772304616315,17.6255998726799
